Term,stunum,Course,Grade
2022-FA Course Grade,0,CLA INT 201.,P
2022-FA Course Grade,1,CLA INT 101.,P
2022-FA Course Grade,2,CLA INT 101.,P
2022-FA Course Grade,3,CLA GBK 101.,P
2022-FA Course Grade,4,CLA GBK 203.,P
2022-FA Course Grade,5,CLA INT 101.,P
2022-FA Course Grade,6,CLA INT 101.,P
2022-FA Course Grade,7,CLA INT 201.,P
2022-FA Course Grade,8,CLA INT 201.,P
2022-FA Course Grade,9,CLA INT 201.,P
2022-FA Course Grade,10,CLA GBK 101.,P
2022-FA Course Grade,11,CLA INT 101.,P
2022-FA Course Grade,12,CLA INT 201.,P
2022-FA Course Grade,13,CLA INT 201.,P
2022-FA Course Grade,14,CLA INT 201.,P
2022-FA Course Grade,15,CLA INT 201.,P
2022-FA Course Grade,16,CLA INT 201.,P
2022-FA Course Grade,17,CLA INT 301.,P
2022-FA Course Grade,18,CLA INT 101.,P
2022-FA Course Grade,19,CLA INT 201.,P
2022-FA Course Grade,20,CLA INT 101.,P
2022-FA Course Grade,21,CLA INT 101.,P
2022-FA Course Grade,22,CLA INT 201.,P
2022-FA Course Grade,23,CLA INT 101.,P
2022-FA Course Grade,24,CLA INT 201.,P
2022-FA Course Grade,25,CLA INT 201.,P
2022-FA Course Grade,26,CLA INT 101.,P
2022-FA Course Grade,27,CLA INT 301.,P
2022-FA Course Grade,28,CLA INT 201.,P
2022-FA Course Grade,29,CLA GBK 101.,P
2022-FA Course Grade,30,CLA GBK 101.,P
2022-FA Course Grade,31,CLA INT 201.,P
2022-FA Course Grade,32,CLA INT 101.,P
2022-FA Course Grade,33,CLA GBK 101.,P
2022-FA Course Grade,34,CLA INT 101.,P
2022-FA Course Grade,35,CLA GBK 101.,P
2022-FA Course Grade,36,CLA INT 101.,P
2022-FA Course Grade,37,CLA INT 201.,P
2022-FA Course Grade,38,CLA GBK 203.,P
2022-FA Course Grade,39,CLA INT 201.,P
2022-FA Course Grade,40,CLA GBK 305.,P
2022-FA Course Grade,41,CLA GBK 101.,P
2022-FA Course Grade,42,CLA INT 201.,P
2022-FA Course Grade,43,CLA INT 201.,P
2022-FA Course Grade,44,CLA INT 101.,P
2022-FA Course Grade,45,CLA INT 101.,P
2022-FA Course Grade,46,CLA GBK 101.,P
2022-FA Course Grade,47,CLA INT 101.,P
2022-FA Course Grade,48,CLA INT 101.,P
2022-FA Course Grade,49,CLA GBK 203.,P
2022-FA Course Grade,50,CLA GBK 203.,P
2022-FA Course Grade,51,CLA INT 201.,P
2022-FA Course Grade,52,CLA GBK 101.,P
2022-FA Course Grade,53,CLA INT 201.,P
2022-FA Course Grade,54,CLA INT 301.,P
2022-FA Course Grade,55,CLA GBK 203.,P
2022-FA Course Grade,56,CLA INT 201.,P
2022-FA Course Grade,57,CLA INT 201.,P
2022-FA Course Grade,58,CLA INT 101.,P
2022-FA Course Grade,59,CLA INT 201.,P
2022-FA Course Grade,60,CLA INT 101.,P
2022-FA Course Grade,61,CLA INT 201.,P
2022-FA Course Grade,62,CLA INT 201.,P
2022-FA Course Grade,63,CLA GBK 101.,P
2022-FA Course Grade,64,CLA INT 101.,P
2022-FA Course Grade,65,CLA INT 101.,P
2022-FA Course Grade,66,CLA INT 201.,P
2022-FA Course Grade,67,CLA INT 201.,P
2022-FA Course Grade,68,CLA GBK 101.,P
2022-FA Course Grade,69,CLA INT 101.,P
2022-FA Course Grade,70,CLA INT 201.,P
2022-FA Course Grade,71,CLA INT 301.,P
2022-FA Course Grade,72,CLA INT 201.,P
2022-FA Course Grade,73,CLA INT 101.,P
2022-FA Course Grade,74,CLA INT 201.,P
2022-FA Course Grade,75,CLA INT 101.,P
2022-FA Course Grade,76,CLA GBK 203.,P
2022-FA Course Grade,77,CLA INT 201.,P
2022-FA Course Grade,78,CLA INT 101.,P
2022-FA Course Grade,79,CLA GBK 101.,P
2022-FA Course Grade,80,CLA INT 201.,P
2022-FA Course Grade,81,CLA GBK 101.,P
2022-FA Course Grade,82,CLA INT 201.,P
2022-FA Course Grade,83,CLA INT 201.,P
2022-FA Course Grade,84,CLA INT 201.,P
2022-FA Course Grade,85,CLA GBK 203.,P
2022-FA Course Grade,86,CLA INT 101.,P
2022-FA Course Grade,87,CLA INT 201.,P
2022-FA Course Grade,88,CLA INT 201.,P
2022-FA Course Grade,89,CLA GBK 101.,P
2022-FA Course Grade,90,CLA GBK 101.,P
2022-FA Course Grade,91,CLA INT 101.,P
2022-FA Course Grade,92,CLA INT 201.,P
2022-FA Course Grade,93,CLA GBK 101.,P
2022-FA Course Grade,94,CLA INT 201.,P
2022-FA Course Grade,95,CLA GBK 101.,P
2022-FA Course Grade,96,CLA INT 101.,P
2022-FA Course Grade,97,CLA INT 101.,P
2022-FA Course Grade,98,CLA INT 101.,P
2022-FA Course Grade,99,CLA INT 301.,P
2022-FA Course Grade,100,CLA INT 101.,P
2022-FA Course Grade,101,CLA GBK 101.,P
2022-FA Course Grade,102,CLA GBK 101.,P
2022-FA Course Grade,103,CLA INT 201.,P
2022-FA Course Grade,104,CLA INT 201.,P
2022-FA Course Grade,105,CLA GBK 203.,P
2022-FA Course Grade,106,CLA INT 201.,P
2022-FA Course Grade,107,CLA INT 201.,P
2022-FA Course Grade,108,CLA GBK 203.,P
2022-FA Course Grade,109,CLA GBK 101.,P
2022-FA Course Grade,110,CLA INT 101.,P
2022-FA Course Grade,111,CLA INT 201.,P
2022-FA Course Grade,112,CLA INT 101.,P
2022-FA Course Grade,113,CLA INT 201.,P
2022-FA Course Grade,114,CLA GBK 101.,P
2022-FA Course Grade,115,CLA INT 301.,P
2022-FA Course Grade,116,CLA INT 201.,P
2022-FA Course Grade,117,CLA INT 101.,P
2022-FA Course Grade,118,CLA INT 201.,P
2022-FA Course Grade,119,CLA INT 101.,P
2022-FA Course Grade,120,CLA INT 201.,P
2022-FA Course Grade,121,CLA GBK 101.,P
2022-FA Course Grade,122,CLA INT 201.,P
2022-FA Course Grade,123,CLA INT 101.,P
2022-FA Course Grade,124,CLA INT 101.,P
2022-FA Course Grade,125,CLA GBK 101.,P
2022-FA Course Grade,126,CLA INT 201.,P
2022-FA Course Grade,127,CLA INT 201.,P
2022-FA Course Grade,128,CLA INT 301.,P
2022-FA Course Grade,129,CLA INT 101.,P
2022-FA Course Grade,130,CLA INT 101.,P
2022-FA Course Grade,131,CLA INT 201.,P
2022-FA Course Grade,132,CLA GBK 101.,P
2022-FA Course Grade,133,CLA INT 101.,P
2022-FA Course Grade,134,CLA INT 201.,P
2022-FA Course Grade,135,CLA INT 201.,P
2022-FA Course Grade,136,CLA GBK 101.,P
2022-FA Course Grade,137,CLA INT 201.,P
2022-FA Course Grade,138,CLA INT 201.,P
2022-FA Course Grade,139,CLA INT 101.,P
2022-FA Course Grade,140,CLA INT 301.,P
2022-FA Course Grade,141,CLA INT 101.,P
2022-FA Course Grade,142,CLA INT 301.,P
2022-FA Course Grade,143,CLA GBK 101.,P
2022-FA Course Grade,144,CLA INT 201.,P
2022-FA Course Grade,145,CLA INT 201.,P
2022-FA Course Grade,146,CLA INT 201.,P
2022-FA Course Grade,147,CLA GBK 203.,P
2022-FA Course Grade,148,CLA INT 101.,P
2022-FA Course Grade,149,CLA INT 201.,P
2022-FA Course Grade,150,CLA INT 201.,P
2022-FA Course Grade,151,CLA GBK 203.,P
2022-FA Course Grade,152,CLA GBK 203.,P
2022-FA Course Grade,153,CLA INT 201.,P
2022-FA Course Grade,154,CLA INT 201.,P
2022-FA Course Grade,155,CLA INT 101.,P
2022-FA Course Grade,156,CLA INT 201.,P
2022-FA Course Grade,157,CLA INT 101.,P
2022-FA Course Grade,158,CLA INT 201.,P
2022-FA Course Grade,159,CLA INT 201.,P
2022-FA Course Grade,160,CLA INT 201.,P
2022-FA Course Grade,161,CLA INT 101.,P
2022-FA Course Grade,162,CLA GBK 203.,P
2022-FA Course Grade,163,CLA INT 201.,P
2022-FA Course Grade,164,CLA INT 201.,P
2022-FA Course Grade,165,CLA INT 101.,P
2022-FA Course Grade,166,CLA INT 301.,P
2022-FA Course Grade,167,CLA GBK 305.,P
2022-FA Course Grade,168,CLA INT 101.,P
2022-FA Course Grade,169,CLA INT 201.,P
2022-FA Course Grade,170,CLA INT 301.,P
2022-FA Course Grade,171,CLA INT 201.,P
2022-FA Course Grade,172,CLA INT 101.,P
2022-FA Course Grade,173,CLA INT 101.,P
2022-FA Course Grade,174,CLA INT 101.,P
2022-FA Course Grade,175,CLA INT 201.,P
2022-FA Course Grade,176,CLA INT 101.,P
2022-FA Course Grade,177,CLA INT 201.,P
2022-FA Course Grade,178,CLA INT 201.,P
2022-FA Course Grade,179,CLA INT 101.,P
2022-FA Course Grade,180,CLA INT 201.,P
2022-FA Course Grade,181,CLA INT 101.,P
2022-FA Course Grade,182,CLA INT 101.,P
2022-FA Course Grade,183,CLA INT 101.,P
2022-FA Course Grade,184,CLA INT 101.,P
2022-FA Course Grade,185,CLA INT 201.,P
2022-FA Course Grade,186,CLA INT 301.,P
2022-FA Course Grade,187,CLA INT 301.,P
2022-FA Course Grade,188,CLA GBK 101.,P
2022-FA Course Grade,189,CLA INT 101.,P
2022-FA Course Grade,190,CLA INT 201.,P
2022-FA Course Grade,191,CLA INT 201.,P
2022-FA Course Grade,192,CLA INT 101.,P
2022-FA Course Grade,193,CLA INT 101.,P
2022-FA Course Grade,194,CLA GBK 101.,P
2022-FA Course Grade,195,CLA INT 101.,P
2022-FA Course Grade,196,CLA INT 101.,P
2022-FA Course Grade,197,CLA GBK 203.,P
2022-FA Course Grade,198,CLA INT 301.,P
2022-FA Course Grade,199,CLA INT 201.,P
2022-FA Course Grade,200,CLA GBK 101.,P
2022-FA Course Grade,201,CLA INT 301.,P
2022-FA Course Grade,202,CLA INT 101.,P
2022-FA Course Grade,203,CLA INT 301.,P
2022-FA Course Grade,204,CLA INT 201.,P
2022-FA Course Grade,205,CLA GBK 101.,P
2022-FA Course Grade,206,CLA GBK 203.,P
2022-FA Course Grade,207,CLA INT 101.,P
2022-FA Course Grade,208,CLA INT 201.,P
2022-FA Course Grade,209,CLA GBK 101.,P
2022-FA Course Grade,210,CLA INT 101.,P
2022-FA Course Grade,211,CLA GBK 203.,P
2022-FA Course Grade,212,CLA GBK 101.,P
2022-FA Course Grade,213,CLA GBK 101.,P
2022-FA Course Grade,214,CLA INT 201.,P
2022-FA Course Grade,215,CLA GBK 101.,P
2022-FA Course Grade,216,CLA INT 201.,P
2022-FA Course Grade,217,CLA INT 101.,P
2022-FA Course Grade,218,CLA INT 101.,P
2022-FA Course Grade,219,CLA INT 101.,P
2022-FA Course Grade,220,CLA GBK 101.,P
2022-FA Course Grade,221,CLA INT 101.,P
2022-FA Course Grade,222,CLA INT 101.,P
2022-FA Course Grade,223,CLA INT 101.,P
2022-FA Course Grade,224,CLA GBK 203.,P
2022-FA Course Grade,225,CLA INT 101.,P
2022-FA Course Grade,226,CLA GBK 101.,P
2022-FA Course Grade,227,CLA INT 101.,P
2022-FA Course Grade,228,CLA INT 101.,P
2022-FA Course Grade,229,CLA GBK 101.,P
2022-FA Course Grade,230,CLA INT 101.,P
2022-FA Course Grade,231,CLA INT 101.,P
2022-FA Course Grade,232,CLA INT 101.,P
2022-FA Course Grade,233,CLA GBK 101.,P
2022-FA Course Grade,234,CLA GBK 101.,P
2022-FA Course Grade,235,CLA GBK 203.,P
2022-FA Course Grade,236,CLA INT 201.,P
2022-FA Course Grade,237,CLA GBK 101.,P
2022-FA Course Grade,238,CLA INT 201.,P
2022-FA Course Grade,239,CLA GBK 203.,P
2022-FA Course Grade,240,CLA INT 301.,P
2022-FA Course Grade,241,CLA INT 301.,P
2022-FA Course Grade,242,CLA INT 101.,P
2022-FA Course Grade,243,CLA INT 301.,P
2022-FA Course Grade,244,CLA INT 101.,P
2022-FA Course Grade,245,CLA INT 101.,P
2022-FA Course Grade,246,CLA INT 201.,P
2022-FA Course Grade,247,CLA GBK 203.,P
2022-FA Course Grade,248,CLA GBK 101.,P
2022-FA Course Grade,249,CLA INT 201.,P
2022-FA Course Grade,250,CLA GBK 101.,P
2022-FA Course Grade,251,CLA GBK 101.,P
2022-FA Course Grade,252,CLA INT 201.,P
2022-FA Course Grade,253,CLA INT 301.,P
2022-FA Course Grade,254,CLA INT 201.,P
2022-FA Course Grade,255,CLA INT 101.,P
2022-FA Course Grade,256,CLA INT 101.,P
2022-FA Course Grade,257,CLA INT 101.,P
2022-FA Course Grade,258,CLA INT 301.,P
2022-FA Course Grade,259,CLA INT 101.,P
2022-FA Course Grade,260,CLA INT 101.,P
2022-FA Course Grade,261,CLA INT 101.,P
2022-FA Course Grade,262,CLA GBK 101.,P
2022-FA Course Grade,263,CLA INT 201.,P
2022-FA Course Grade,264,CLA INT 201.,P
2022-FA Course Grade,265,CLA GBK 101.,P
2022-FA Course Grade,266,CLA INT 101.,P
2022-FA Course Grade,267,CLA INT 301.,P
2022-FA Course Grade,268,CLA INT 101.,P
2022-FA Course Grade,269,CLA GBK 101.,P
2022-FA Course Grade,270,CLA GBK 101.,P
2022-FA Course Grade,271,CLA INT 101.,P
2022-FA Course Grade,272,CLA GBK 203.,P
2022-FA Course Grade,273,CLA INT 201.,P
2022-FA Course Grade,274,CLA INT 101.,P
2022-FA Course Grade,275,CLA INT 201.,P
2022-FA Course Grade,276,CLA INT 201.,P
2022-FA Course Grade,277,CLA GBK 101.,P
2022-FA Course Grade,278,CLA INT 301.,P
2022-FA Course Grade,279,CLA INT 201.,P
2022-FA Course Grade,280,CLA GBK 101.,P
2022-FA Course Grade,281,CLA INT 101.,P
2022-FA Course Grade,282,CLA INT 201.,P
2022-FA Course Grade,283,CLA INT 301.,P
2022-FA Course Grade,284,CLA INT 101.,P
2022-FA Course Grade,285,CLA INT 101.,P
2022-FA Course Grade,286,CLA INT 201.,P
2022-FA Course Grade,287,CLA INT 101.,P
2022-FA Course Grade,288,CLA INT 101.,P
2022-FA Course Grade,289,CLA INT 101.,P
2022-FA Course Grade,290,CLA GBK 101.,P
2022-FA Course Grade,291,CLA INT 101.,P
2022-FA Course Grade,292,CLA INT 101.,P
2022-FA Course Grade,293,CLA GBK 101.,P
2022-FA Course Grade,294,CLA INT 101.,P
2022-FA Course Grade,295,CLA INT 101.,P
2022-FA Course Grade,296,CLA INT 101.,P
2022-FA Course Grade,297,CLA GBK 101.,P
2022-FA Course Grade,298,CLA GBK 101.,P
2022-FA Course Grade,299,CLA GBK 203.,P
2022-FA Course Grade,300,CLA GBK 101.,P
2022-FA Course Grade,301,CLA GBK 203.,P
2022-FA Course Grade,302,CLA INT 101.,P
2022-FA Course Grade,303,CLA INT 101.,P
2022-FA Course Grade,304,CLA INT 201.,P
2022-FA Course Grade,305,CLA INT 101.,P
2022-FA Course Grade,306,CLA INT 101.,P
2022-FA Course Grade,307,CLA INT 101.,P
2022-FA Course Grade,308,CLA INT 101.,P
2022-FA Course Grade,309,CLA INT 301.,P
2022-FA Course Grade,310,CLA INT 201.,P
2022-FA Course Grade,311,CLA INT 201.,P
2022-FA Course Grade,312,CLA INT 201.,P
2022-FA Course Grade,313,CLA INT 101.,P
2022-FA Course Grade,314,CLA INT 101.,P
2022-FA Course Grade,315,CLA INT 201.,P
2022-FA Course Grade,316,CLA INT 201.,P
2022-FA Course Grade,317,CLA INT 201.,P
2022-FA Course Grade,318,CLA GBK 101.,P
2022-FA Course Grade,319,CLA INT 201.,P
2022-FA Course Grade,320,CLA INT 201.,P
2022-FA Course Grade,321,CLA INT 201.,P
2022-FA Course Grade,322,CLA INT 101.,P
2022-FA Course Grade,323,CLA INT 101.,P
2022-FA Course Grade,324,CLA INT 201.,P
2022-FA Course Grade,325,CLA INT 101.,P
2022-FA Course Grade,326,CLA INT 101.,P
2022-FA Course Grade,327,CLA INT 101.,P
2022-FA Course Grade,328,CLA INT 201.,P
2022-FA Course Grade,329,CLA INT 201.,P
2022-FA Course Grade,330,CLA GBK 101.,P
2022-FA Course Grade,331,CLA INT 101.,P
2022-FA Course Grade,332,CLA INT 301.,P
2022-FA Course Grade,333,CLA INT 201.,P
2022-FA Course Grade,334,CLA INT 101.,P
2022-FA Course Grade,335,CLA INT 201.,P
2022-FA Course Grade,336,CLA INT 201.,P
2022-FA Course Grade,337,CLA INT 201.,P
2022-FA Course Grade,338,CLA INT 201.,P
2022-FA Course Grade,339,CLA INT 301.,P
2022-FA Course Grade,340,CLA INT 201.,P
2022-FA Course Grade,341,CLA INT 101.,P
2022-FA Course Grade,342,CLA INT 301.,P
2022-FA Course Grade,343,CLA INT 101.,P
2022-FA Course Grade,344,CLA INT 201.,P
2022-FA Course Grade,345,CLA INT 101.,P
2022-FA Course Grade,346,CLA INT 201.,P
2022-FA Course Grade,347,CLA INT 101.,P
2022-FA Course Grade,348,CLA INT 201.,P
2022-FA Course Grade,349,CLA INT 101.,P
2022-FA Course Grade,350,CLA INT 101.,P
2022-FA Course Grade,351,CLA INT 201.,P
2022-FA Course Grade,352,CLA INT 301.,P
2022-FA Course Grade,353,CLA GBK 101.,P
2022-FA Course Grade,354,CLA INT 201.,P
2022-FA Course Grade,355,CLA INT 201.,P
2022-FA Course Grade,356,CLA INT 101.,P
2022-FA Course Grade,357,CLA INT 301.,P
2022-FA Course Grade,358,CLA GBK 101.,P
2022-FA Course Grade,359,CLA GBK 101.,P
2022-FA Course Grade,360,CLA GBK 203.,P
2022-FA Course Grade,361,CLA GBK 101.,P
2022-FA Course Grade,362,CLA GBK 203.,P
2022-FA Course Grade,363,CLA INT 101.,P
2022-FA Course Grade,364,CLA INT 101.,P
2022-FA Course Grade,365,CLA INT 101.,P
2022-FA Course Grade,366,CLA GBK 101.,P
2022-FA Course Grade,367,CLA INT 101.,P
2022-FA Course Grade,368,CLA INT 201.,P
2022-FA Course Grade,369,CLA INT 301.,P
2022-FA Course Grade,370,CLA INT 101.,P
2022-FA Course Grade,371,CLA INT 101.,P
2022-FA Course Grade,372,CLA INT 101.,P
2022-FA Course Grade,373,CLA INT 101.,P
2022-FA Course Grade,374,CLA INT 101.,P
2022-FA Course Grade,375,CLA INT 201.,P
2022-FA Course Grade,376,CLA INT 301.,P
2022-FA Course Grade,377,CLA INT 101.,P
2022-FA Course Grade,378,CLA INT 101.,P
2022-FA Course Grade,379,CLA INT 201.,P
2022-FA Course Grade,380,CLA GBK 203.,P
2022-FA Course Grade,381,CLA INT 101.,P
2022-FA Course Grade,382,CLA GBK 101.,P
2022-FA Course Grade,383,CLA GBK 101.,P
2022-FA Course Grade,384,CLA INT 201.,P
2022-FA Course Grade,385,CLA INT 201.,P
2022-FA Course Grade,386,CLA GBK 203.,P
2022-FA Course Grade,387,CLA GBK 203.,P
2022-FA Course Grade,388,CLA INT 101.,P
2022-FA Course Grade,389,CLA INT 201.,P
2022-FA Course Grade,390,CLA INT 201.,P
2022-FA Course Grade,391,CLA INT 101.,P
2022-FA Course Grade,392,CLA INT 201.,P
2022-FA Course Grade,393,CLA INT 101.,P
2022-FA Course Grade,394,CLA INT 101.,P
2022-FA Course Grade,395,CLA INT 201.,P
2022-FA Course Grade,396,CLA INT 101.,P
2022-FA Course Grade,397,CLA INT 101.,P
2022-FA Course Grade,398,CLA INT 201.,P
2022-FA Course Grade,399,CLA INT 301.,P
2022-FA Course Grade,400,CLA INT 101.,P
2022-FA Course Grade,401,CLA INT 201.,P
2022-FA Course Grade,402,CLA INT 101.,P
2022-FA Course Grade,403,CLA GBK 101.,P
2022-FA Course Grade,404,CLA INT 101.,P
2022-FA Course Grade,405,CLA INT 201.,P
2022-FA Course Grade,406,CLA GBK 101.,P
2022-FA Course Grade,407,CLA INT 201.,P
2022-FA Course Grade,408,CLA INT 101.,P
2022-FA Course Grade,409,CLA INT 301.,P
2022-FA Course Grade,410,CLA INT 101.,P
2022-FA Course Grade,411,CLA INT 101.,P
2022-FA Course Grade,412,CLA INT 201.,P
2022-FA Course Grade,413,CLA INT 101.,P
2022-FA Course Grade,414,CLA INT 101.,P
2022-FA Course Grade,415,CLA GBK 101.,P
2022-FA Course Grade,416,CLA INT 301.,P
2022-FA Course Grade,417,CLA INT 201.,P
2022-SP Course Grade,418,CLA INT 101.,P
2022-SP Course Grade,76,CLA GBK 202.,P
2022-SP Course Grade,77,CLA INT 101.,P
2022-SP Course Grade,96,CLA INT 101.,P
2022-SP Course Grade,94,CLA INT 101.,P
2022-SP Course Grade,88,CLA INT 101.,P
2022-SP Course Grade,85,CLA GBK 202.,P
2022-SP Course Grade,419,CLA INT 101.,P
2022-SP Course Grade,50,CLA GBK 202.,P
2022-SP Course Grade,420,CLA INT 101.,P
2022-SP Course Grade,421,CLA INT 101.,P
2022-SP Course Grade,399,CLA INT 201.,P
2022-SP Course Grade,19,CLA INT 101.,P
2022-SP Course Grade,422,CLA INT 101.,P
2022-SP Course Grade,17,CLA INT 201.,P
2022-SP Course Grade,13,CLA INT 101.,P
2022-SP Course Grade,12,CLA INT 101.,P
2022-SP Course Grade,9,CLA INT 101.,P
2022-SP Course Grade,423,CLA INT 101.,P
2022-SP Course Grade,424,CLA INT 101.,P
2022-SP Course Grade,4,CLA GBK 202.,P
2022-SP Course Grade,25,CLA INT 101.,P
2022-SP Course Grade,425,CLA INT 201.,P
2022-SP Course Grade,426,CLA INT 301.,P
2022-SP Course Grade,398,CLA INT 101.,P
2022-SP Course Grade,57,CLA INT 101.,P
2022-SP Course Grade,37,CLA GBK 202.,P
2022-SP Course Grade,395,CLA INT 101.,P
2022-SP Course Grade,427,CLA INT 201.,P
2022-SP Course Grade,428,CLA INT 101.,P
2022-SP Course Grade,336,CLA INT 101.,P
2022-SP Course Grade,429,CLA INT 101.,P
2022-SP Course Grade,335,CLA INT 101.,P
2022-SP Course Grade,329,CLA INT 101.,P
2022-SP Course Grade,328,CLA INT 101.,P
2022-SP Course Grade,430,CLA INT 201.,P
2022-SP Course Grade,338,CLA INT 101.,P
2022-SP Course Grade,321,CLA INT 101.,P
2022-SP Course Grade,317,CLA INT 101.,P
2022-SP Course Grade,339,CLA INT 201.,P
2022-SP Course Grade,362,CLA GBK 202.,P
2022-SP Course Grade,360,CLA GBK 202.,P
2022-SP Course Grade,431,CLA INT 301.,P
2022-SP Course Grade,432,CLA INT 101.,P
2022-SP Course Grade,433,CLA INT 101.,P
2022-SP Course Grade,67,CLA INT 101.,P
2022-SP Course Grade,434,CLA INT 101.,P
2022-SP Course Grade,435,CLA INT 101.,P
2022-SP Course Grade,62,CLA INT 101.,P
2022-SP Course Grade,55,CLA GBK 202.,P
2022-SP Course Grade,436,CLA INT 101.,P
2022-SP Course Grade,158,CLA INT 101.,P
2022-SP Course Grade,40,CLA GBK 304.,P
2022-SP Course Grade,197,CLA GBK 202.,P
2022-SP Course Grade,186,CLA INT 201.,P
2022-SP Course Grade,126,CLA INT 101.,P
2022-SP Course Grade,437,CLA INT 301.,P
2022-SP Course Grade,438,CLA INT 101.,P
2022-SP Course Grade,118,CLA INT 101.,P
2022-SP Course Grade,439,CLA INT 101.,P
2022-SP Course Grade,128,CLA INT 201.,P
2022-SP Course Grade,440,CLA INT 101.,P
2022-SP Course Grade,113,CLA INT 101.,P
2022-SP Course Grade,441,CLA INT 301.,P
2022-SP Course Grade,442,CLA INT 101.,P
2022-SP Course Grade,153,CLA INT 101.,P
2022-SP Course Grade,152,CLA GBK 202.,P
2022-SP Course Grade,443,CLA INT 201.,P
2022-SP Course Grade,147,CLA GBK 202.,P
2022-SP Course Grade,146,CLA INT 101.,P
2022-SP Course Grade,444,CLA INT 101.,P
2022-SP Course Grade,140,CLA INT 201.,P
2022-SP Course Grade,138,CLA INT 101.,P
2022-SP Course Grade,137,CLA INT 101.,P
2022-SP Course Grade,134,CLA INT 101.,P
2022-SP Course Grade,108,CLA GBK 202.,P
2022-SP Course Grade,43,CLA INT 101.,P
2022-SP Course Grade,198,CLA INT 201.,P
2022-SP Course Grade,445,CLA INT 301.,P
2022-SP Course Grade,39,CLA INT 101.,P
2022-SP Course Grade,446,CLA GBK 202.,P
2022-SP Course Grade,447,CLA INT 201.,P
2022-SP Course Grade,31,CLA INT 101.,P
2022-SP Course Grade,28,CLA INT 101.,P
2022-SP Course Grade,448,CLA INT 101.,P
2022-SP Course Grade,449,CLA INT 101.,P
2022-SP Course Grade,105,CLA GBK 202.,P
2022-SP Course Grade,177,CLA INT 101.,P
2022-SP Course Grade,450,CLA INT 101.,P
2022-SP Course Grade,206,CLA GBK 202.,P
2022-SP Course Grade,451,CLA INT 201.,P
2022-SP Course Grade,167,CLA GBK 304.,P
2022-SP Course Grade,166,CLA INT 201.,P
2022-SP Course Grade,452,CLA INT 101.,P
2022-SP Course Grade,453,CLA GBK 202.,P
2022-SP Course Grade,164,CLA INT 101.,P
2022-SP Course Grade,162,CLA GBK 202.,P
2022-SP Course Grade,454,CLA INT 101.,P
2022-SP Course Grade,455,CLA INT 201.,P
2022-SP Course Grade,456,CLA INT 101.,P
2022-SP Course Grade,159,CLA INT 101.,P
2022-SP Course Grade,169,CLA INT 101.,P
2022-SP Course Grade,457,CLA INT 101.,P
2022-SP Course Grade,163,CLA INT 101.,P
2022-SP Course Grade,458,CLA INT 101.,P
2022-SP Course Grade,459,CLA INT 101.,P
2022-SP Course Grade,460,CLA INT 101.,P
2022-SP Course Grade,461,CLA INT 101.,P
2022-SP Course Grade,462,CLA INT 101.,P
2022-SP Course Grade,463,CLA INT 101.,P
2022-SP Course Grade,464,CLA INT 101.,P
2022-SP Course Grade,465,CLA INT 101.,P
2022-SP Course Grade,466,CLA INT 101.,P
2022-SP Course Grade,467,CLA INT 101.,P
2022-SP Course Grade,468,CLA INT 101.,P
2022-SP Course Grade,469,CLA INT 201.,P
2022-SP Course Grade,470,CLA INT 101.,P
2022-SP Course Grade,471,CLA INT 101.,P
2022-SP Course Grade,472,CLA INT 101.,P
2022-SP Course Grade,473,CLA INT 101.,P
2022-SP Course Grade,474,CLA INT 101.,P
2022-SP Course Grade,475,CLA INT 101.,P
2022-SP Course Grade,476,CLA INT 101.,P
2022-SP Course Grade,477,CLA INT 101.,P
2022-SP Course Grade,478,CLA INT 101.,P
2022-SP Course Grade,479,CLA INT 101.,P
2022-SP Course Grade,480,CLA INT 101.,P
2022-SP Course Grade,481,CLA INT 101.,P
2022-SP Course Grade,299,CLA GBK 202.,P
2022-SP Course Grade,301,CLA GBK 202.,P
2022-SP Course Grade,482,CLA INT 101.,P
2022-SP Course Grade,483,CLA INT 201.,P
2022-SP Course Grade,484,CLA INT 201.,P
2022-SP Course Grade,283,CLA INT 201.,P
2022-SP Course Grade,485,CLA INT 201.,P
2022-SP Course Grade,279,CLA INT 101.,P
2022-SP Course Grade,276,CLA INT 101.,P
2022-SP Course Grade,275,CLA INT 101.,P
2022-SP Course Grade,272,CLA GBK 202.,P
2022-SP Course Grade,486,CLA INT 201.,P
2022-SP Course Grade,487,CLA INT 101.,P
2022-SP Course Grade,488,CLA INT 201.,P
2022-SP Course Grade,489,CLA INT 201.,P
2022-SP Course Grade,267,CLA INT 201.,P
2022-SP Course Grade,490,CLA INT 201.,P
2022-SP Course Grade,264,CLA INT 101.,P
2022-SP Course Grade,263,CLA INT 101.,P
2022-SP Course Grade,273,CLA INT 101.,P
2022-SP Course Grade,286,CLA INT 101.,P
2022-SP Course Grade,310,CLA INT 101.,P
2022-SP Course Grade,491,CLA INT 101.,P
2022-SP Course Grade,304,CLA INT 101.,P
2022-SP Course Grade,492,CLA INT 101.,P
2022-SP Course Grade,493,CLA INT 101.,P
2022-SP Course Grade,494,CLA INT 101.,P
2022-SP Course Grade,495,CLA INT 101.,P
2022-SP Course Grade,496,CLA INT 101.,P
2022-SP Course Grade,497,CLA INT 101.,P
2022-SP Course Grade,239,CLA GBK 202.,P
2022-SP Course Grade,238,CLA INT 101.,P
2022-SP Course Grade,498,CLA INT 201.,P
2022-SP Course Grade,499,CLA INT 201.,P
2022-SP Course Grade,500,CLA INT 201.,P
2022-SP Course Grade,501,CLA GBK 306.,P
2022-SP Course Grade,313,CLA INT 201.,P
2022-SP Course Grade,389,CLA INT 101.,P
2022-SP Course Grade,387,CLA GBK 202.,P
2022-SP Course Grade,386,CLA GBK 202.,P
2022-SP Course Grade,384,CLA INT 201.,P
2022-SP Course Grade,380,CLA GBK 202.,P
2022-SP Course Grade,502,CLA INT 201.,P
2022-SP Course Grade,503,CLA INT 301.,P
2022-SP Course Grade,504,CLA INT 201.,P
2022-SP Course Grade,505,CLA INT 101.,P
2022-SP Course Grade,379,CLA INT 101.,P
2022-SP Course Grade,392,CLA INT 101.,P
2022-SP Course Grade,401,CLA INT 101.,P
2022-SP Course Grade,506,CLA INT 101.,P
2022-SP Course Grade,412,CLA INT 101.,P
2022-SP Course Grade,507,CLA INT 101.,P
2022-SP Course Grade,508,CLA INT 201.,P
2022-SP Course Grade,509,CLA INT 301.,P
2022-SP Course Grade,240,CLA INT 201.,P
2022-SP Course Grade,375,CLA INT 101.,P
2022-SP Course Grade,510,CLA INT 201.,P
2022-SP Course Grade,511,CLA INT 101.,P
2022-SP Course Grade,241,CLA INT 201.,P
2022-SP Course Grade,512,CLA INT 101.,P
2022-SP Course Grade,224,CLA GBK 202.,P
2022-SP Course Grade,513,CLA INT 101.,P
2022-SP Course Grade,514,CLA INT 101.,P
2022-SP Course Grade,515,CLA GBK 202.,P
2022-SP Course Grade,516,CLA INT 101.,P
2022-SP Course Grade,517,CLA INT 101.,P
2022-SP Course Grade,518,CLA INT 101.,P
2022-SP Course Grade,519,CLA INT 101.,P
2022-SP Course Grade,520,CLA INT 101.,P
2022-SP Course Grade,521,CLA INT 301.,P
2022-SP Course Grade,211,CLA GBK 202.,P
2022-SP Course Grade,235,CLA GBK 202.,P
2022-SP Course Grade,247,CLA GBK 202.,P
2022-SP Course Grade,236,CLA INT 101.,P
2022-SP Course Grade,246,CLA INT 101.,P
2022-SP Course Grade,522,CLA INT 101.,P
2022-SP Course Grade,523,CLA INT 101.,P
2022-SP Course Grade,243,CLA INT 201.,P
2022-SP Course Grade,252,CLA INT 101.,P
2022-SP Course Grade,524,CLA INT 101.,P
2023-FA Course Grade,525,CLA INT 101.,P
2023-FA Course Grade,526,CLA GBK 101.,P
2023-FA Course Grade,527,CLA GBK 101.,P
2023-FA Course Grade,528,CLA GBK 101.,P
2023-FA Course Grade,529,CLA GBK 101.,P
2023-FA Course Grade,530,CLA INT 101.,P
2023-FA Course Grade,531,CLA GBK 101.,P
2023-FA Course Grade,532,CLA INT 201.,P
2023-FA Course Grade,533,CLA INT 101.,P
2023-FA Course Grade,534,CLA INT 101.,P
2023-FA Course Grade,535,CLA GBK 101.,P
2023-FA Course Grade,536,CLA INT 101.,P
2023-FA Course Grade,537,CLA INT 101.,P
2023-FA Course Grade,100,CLA INT 301.,P
2023-FA Course Grade,60,CLA INT 201.,P
2023-FA Course Grade,101,CLA GBK 203.,P
2023-FA Course Grade,538,CLA GBK 203.,P
2023-FA Course Grade,76,CLA GBK 305.,P
2023-FA Course Grade,63,CLA INT 201.,P
2023-FA Course Grade,539,CLA INT 201.,P
2023-FA Course Grade,55,CLA GBK 305.,P
2023-FA Course Grade,540,CLA INT 301.,P
2023-FA Course Grade,59,CLA INT 301.,P
2023-FA Course Grade,541,CLA INT 201.,P
2023-FA Course Grade,62,CLA INT 301.,P
2023-FA Course Grade,64,CLA INT 201.,P
2023-FA Course Grade,542,CLA INT 101.,P
2023-FA Course Grade,543,CLA INT 101.,P
2023-FA Course Grade,544,CLA INT 101.,P
2023-FA Course Grade,545,CLA INT 101.,P
2023-FA Course Grade,546,CLA INT 101.,P
2023-FA Course Grade,547,CLA INT 101.,P
2023-FA Course Grade,548,CLA INT 301.,P
2023-FA Course Grade,85,CLA GBK 305.,P
2023-FA Course Grade,549,CLA INT 201.,P
2023-FA Course Grade,550,CLA GBK 101.,P
2023-FA Course Grade,551,CLA INT 101.,P
2023-FA Course Grade,84,CLA INT 301.,P
2023-FA Course Grade,552,CLA INT 201.,P
2023-FA Course Grade,86,CLA INT 301.,P
2023-FA Course Grade,82,CLA INT 301.,P
2023-FA Course Grade,80,CLA INT 301.,P
2023-FA Course Grade,79,CLA GBK 203.,P
2023-FA Course Grade,52,CLA GBK 203.,P
2023-FA Course Grade,553,CLA INT 101.,P
2023-FA Course Grade,75,CLA INT 201.,P
2023-FA Course Grade,554,CLA INT 301.,P
2023-FA Course Grade,81,CLA GBK 203.,P
2023-FA Course Grade,95,CLA GBK 203.,P
2023-FA Course Grade,555,CLA INT 201.,P
2023-FA Course Grade,87,CLA INT 301.,P
2023-FA Course Grade,93,CLA GBK 203.,P
2023-FA Course Grade,556,CLA INT 101.,P
2023-FA Course Grade,557,CLA INT 201.,P
2023-FA Course Grade,558,CLA INT 101.,P
2023-FA Course Grade,90,CLA INT 101.,P
2023-FA Course Grade,559,CLA GBK 101.,P
2023-FA Course Grade,560,CLA INT 101.,P
2023-FA Course Grade,561,CLA INT 101.,P
2023-FA Course Grade,562,CLA GBK 101.,P
2023-FA Course Grade,563,CLA INT 101.,P
2023-FA Course Grade,564,CLA INT 101.,P
2023-FA Course Grade,565,CLA GBK 101.,P
2023-FA Course Grade,566,CLA INT 201.,P
2023-FA Course Grade,567,CLA INT 201.,P
2023-FA Course Grade,89,CLA GBK 203.,P
2023-FA Course Grade,568,CLA INT 101.,P
2023-FA Course Grade,569,CLA INT 101.,P
2023-FA Course Grade,570,CLA INT 101.,P
2023-FA Course Grade,571,CLA INT 101.,P
2023-FA Course Grade,572,CLA INT 201.,P
2023-FA Course Grade,573,CLA GBK 101.,P
2023-FA Course Grade,574,CLA INT 101.,P
2023-FA Course Grade,575,CLA INT 301.,P
2023-FA Course Grade,356,CLA INT 201.,P
2023-FA Course Grade,576,CLA INT 101.,P
2023-FA Course Grade,577,CLA INT 101.,P
2023-FA Course Grade,578,CLA INT 101.,P
2023-FA Course Grade,358,CLA GBK 203.,P
2023-FA Course Grade,359,CLA INT 201.,P
2023-FA Course Grade,579,CLA GBK 101.,P
2023-FA Course Grade,50,CLA GBK 305.,P
2023-FA Course Grade,580,CLA INT 101.,P
2023-FA Course Grade,581,CLA GBK 101.,P
2023-FA Course Grade,362,CLA GBK 305.,P
2023-FA Course Grade,582,CLA INT 101.,P
2023-FA Course Grade,583,CLA GBK 101.,P
2023-FA Course Grade,325,CLA INT 201.,P
2023-FA Course Grade,584,CLA INT 101.,P
2023-FA Course Grade,585,CLA INT 301.,P
2023-FA Course Grade,323,CLA INT 201.,P
2023-FA Course Grade,316,CLA INT 301.,P
2023-FA Course Grade,586,CLA INT 101.,P
2023-FA Course Grade,587,CLA INT 201.,P
2023-FA Course Grade,588,CLA GBK 101.,P
2023-FA Course Grade,589,CLA GBK 101.,P
2023-FA Course Grade,590,CLA GBK 101.,P
2023-FA Course Grade,591,CLA GBK 101.,P
2023-FA Course Grade,592,CLA INT 101.,P
2023-FA Course Grade,593,CLA GBK 101.,P
2023-FA Course Grade,594,CLA GBK 101.,P
2023-FA Course Grade,595,CLA INT 101.,P
2023-FA Course Grade,355,CLA INT 301.,P
2023-FA Course Grade,354,CLA INT 301.,P
2023-FA Course Grade,596,CLA INT 201.,P
2023-FA Course Grade,597,CLA INT 301.,P
2023-FA Course Grade,74,CLA INT 301.,P
2023-FA Course Grade,72,CLA INT 301.,P
2023-FA Course Grade,70,CLA INT 301.,P
2023-FA Course Grade,68,CLA INT 201.,P
2023-FA Course Grade,433,CLA INT 301.,P
2023-FA Course Grade,598,CLA INT 101.,P
2023-FA Course Grade,599,CLA INT 101.,P
2023-FA Course Grade,434,CLA INT 301.,P
2023-FA Course Grade,600,CLA INT 101.,P
2023-FA Course Grade,601,CLA GBK 101.,P
2023-FA Course Grade,66,CLA INT 301.,P
2023-FA Course Grade,65,CLA INT 301.,P
2023-FA Course Grade,602,CLA INT 201.,P
2023-FA Course Grade,603,CLA INT 301.,P
2023-FA Course Grade,604,CLA INT 301.,P
2023-FA Course Grade,605,CLA INT 101.,P
2023-FA Course Grade,606,CLA INT 301.,P
2023-FA Course Grade,607,CLA INT 101.,P
2023-FA Course Grade,608,CLA INT 101.,P
2023-FA Course Grade,609,CLA INT 101.,P
2023-FA Course Grade,610,CLA INT 101.,P
2023-FA Course Grade,611,CLA INT 101.,P
2023-FA Course Grade,432,CLA INT 301.,P
2023-FA Course Grade,612,CLA GBK 101.,P
2023-FA Course Grade,613,CLA INT 101.,P
2023-FA Course Grade,351,CLA INT 301.,P
2023-FA Course Grade,350,CLA INT 201.,P
2023-FA Course Grade,349,CLA INT 201.,P
2023-FA Course Grade,614,CLA INT 101.,P
2023-FA Course Grade,347,CLA INT 201.,P
2023-FA Course Grade,615,CLA INT 101.,P
2023-FA Course Grade,616,CLA INT 301.,P
2023-FA Course Grade,617,CLA INT 301.,P
2023-FA Course Grade,418,CLA INT 301.,P
2023-FA Course Grade,618,CLA GBK 101.,P
2023-FA Course Grade,173,CLA INT 201.,P
2023-FA Course Grade,174,CLA INT 201.,P
2023-FA Course Grade,619,CLA INT 101.,P
2023-FA Course Grade,620,CLA INT 201.,P
2023-FA Course Grade,621,CLA INT 101.,P
2023-FA Course Grade,622,CLA GBK 101.,P
2023-FA Course Grade,623,CLA INT 101.,P
2023-FA Course Grade,624,CLA INT 201.,P
2023-FA Course Grade,179,CLA INT 201.,P
2023-FA Course Grade,105,CLA GBK 305.,P
2023-FA Course Grade,625,CLA INT 201.,P
2023-FA Course Grade,626,CLA INT 101.,P
2023-FA Course Grade,104,CLA INT 301.,P
2023-FA Course Grade,449,CLA INT 301.,P
2023-FA Course Grade,102,CLA GBK 203.,P
2023-FA Course Grade,627,CLA GBK 101.,P
2023-FA Course Grade,628,CLA GBK 101.,P
2023-FA Course Grade,629,CLA INT 101.,P
2023-FA Course Grade,630,CLA INT 101.,P
2023-FA Course Grade,631,CLA INT 101.,P
2023-FA Course Grade,32,CLA INT 201.,P
2023-FA Course Grade,31,CLA INT 301.,P
2023-FA Course Grade,632,CLA GBK 101.,P
2023-FA Course Grade,30,CLA INT 201.,P
2023-FA Course Grade,633,CLA INT 301.,P
2023-FA Course Grade,634,CLA INT 201.,P
2023-FA Course Grade,635,CLA INT 101.,P
2023-FA Course Grade,636,CLA INT 201.,P
2023-FA Course Grade,637,CLA INT 101.,P
2023-FA Course Grade,638,CLA GBK 101.,P
2023-FA Course Grade,639,CLA INT 101.,P
2023-FA Course Grade,640,CLA INT 101.,P
2023-FA Course Grade,641,CLA GBK 101.,P
2023-FA Course Grade,642,CLA GBK 101.,P
2023-FA Course Grade,643,CLA INT 301.,P
2023-FA Course Grade,644,CLA INT 101.,P
2023-FA Course Grade,645,CLA INT 301.,P
2023-FA Course Grade,182,CLA INT 301.,P
2023-FA Course Grade,181,CLA INT 201.,P
2023-FA Course Grade,168,CLA INT 201.,P
2023-FA Course Grade,646,CLA GBK 407.,P
2023-FA Course Grade,159,CLA INT 301.,P
2023-FA Course Grade,647,CLA INT 101.,P
2023-FA Course Grade,648,CLA GBK 101.,P
2023-FA Course Grade,649,CLA INT 101.,P
2023-FA Course Grade,650,CLA INT 101.,P
2023-FA Course Grade,651,CLA GBK 101.,P
2023-FA Course Grade,652,CLA INT 101.,P
2023-FA Course Grade,653,CLA GBK 101.,P
2023-FA Course Grade,654,CLA INT 101.,P
2023-FA Course Grade,655,CLA INT 101.,P
2023-FA Course Grade,656,CLA GBK 101.,P
2023-FA Course Grade,657,CLA INT 301.,P
2023-FA Course Grade,658,CLA INT 101.,P
2023-FA Course Grade,451,CLA INT 301.,P
2023-FA Course Grade,659,CLA INT 101.,P
2023-FA Course Grade,660,CLA INT 101.,P
2023-FA Course Grade,661,CLA GBK 101.,P
2023-FA Course Grade,167,CLA GBK 407.,P
2023-FA Course Grade,662,CLA INT 101.,P
2023-FA Course Grade,452,CLA INT 201.,P
2023-FA Course Grade,663,CLA INT 101.,P
2023-FA Course Grade,664,CLA INT 101.,P
2023-FA Course Grade,665,CLA INT 101.,P
2023-FA Course Grade,162,CLA GBK 305.,P
2023-FA Course Grade,165,CLA INT 201.,P
2023-FA Course Grade,666,CLA INT 301.,P
2023-FA Course Grade,34,CLA INT 101.,P
2023-FA Course Grade,667,CLA INT 201.,P
2023-FA Course Grade,668,CLA INT 101.,P
2023-FA Course Grade,669,CLA INT 101.,P
2023-FA Course Grade,670,CLA INT 101.,P
2023-FA Course Grade,671,CLA GBK 101.,P
2023-FA Course Grade,672,CLA GBK 101.,P
2023-FA Course Grade,673,CLA INT 101.,P
2023-FA Course Grade,674,CLA INT 201.,P
2023-FA Course Grade,675,CLA INT 101.,P
2023-FA Course Grade,3,CLA GBK 203.,P
2023-FA Course Grade,4,CLA GBK 305.,P
2023-FA Course Grade,676,CLA INT 101.,P
2023-FA Course Grade,5,CLA INT 201.,P
2023-FA Course Grade,423,CLA INT 201.,P
2023-FA Course Grade,6,CLA INT 201.,P
2023-FA Course Grade,677,CLA INT 101.,P
2023-FA Course Grade,8,CLA INT 301.,P
2023-FA Course Grade,9,CLA INT 301.,P
2023-FA Course Grade,421,CLA INT 301.,P
2023-FA Course Grade,678,CLA INT 101.,P
2023-FA Course Grade,679,CLA GBK 101.,P
2023-FA Course Grade,680,CLA INT 101.,P
2023-FA Course Grade,681,CLA INT 201.,P
2023-FA Course Grade,682,CLA INT 101.,P
2023-FA Course Grade,2,CLA INT 201.,P
2023-FA Course Grade,683,CLA INT 101.,P
2023-FA Course Grade,20,CLA INT 301.,P
2023-FA Course Grade,422,CLA INT 301.,P
2023-FA Course Grade,684,CLA INT 101.,P
2023-FA Course Grade,15,CLA INT 301.,P
2023-FA Course Grade,23,CLA INT 201.,P
2023-FA Course Grade,10,CLA INT 201.,P
2023-FA Course Grade,21,CLA INT 201.,P
2023-FA Course Grade,11,CLA INT 201.,P
2023-FA Course Grade,685,CLA INT 201.,P
2023-FA Course Grade,26,CLA INT 201.,P
2023-FA Course Grade,686,CLA GBK 101.,P
2023-FA Course Grade,687,CLA INT 101.,P
2023-FA Course Grade,45,CLA INT 201.,P
2023-FA Course Grade,42,CLA INT 301.,P
2023-FA Course Grade,688,CLA INT 101.,P
2023-FA Course Grade,41,CLA GBK 203.,P
2023-FA Course Grade,689,CLA INT 101.,P
2023-FA Course Grade,40,CLA GBK 407.,P
2023-FA Course Grade,38,CLA GBK 305.,P
2023-FA Course Grade,690,CLA INT 101.,P
2023-FA Course Grade,691,CLA GBK 101.,P
2023-FA Course Grade,692,CLA INT 201.,P
2023-FA Course Grade,693,CLA GBK 203.,P
2023-FA Course Grade,694,CLA GBK 305.,P
2023-FA Course Grade,49,CLA GBK 305.,P
2023-FA Course Grade,695,CLA INT 101.,P
2023-FA Course Grade,696,CLA INT 101.,P
2023-FA Course Grade,697,CLA INT 101.,P
2023-FA Course Grade,698,CLA INT 101.,P
2023-FA Course Grade,699,CLA INT 301.,P
2023-FA Course Grade,700,CLA GBK 101.,P
2023-FA Course Grade,47,CLA INT 301.,P
2023-FA Course Grade,701,CLA INT 201.,P
2023-FA Course Grade,702,CLA INT 201.,P
2023-FA Course Grade,703,CLA INT 301.,P
2023-FA Course Grade,704,CLA INT 101.,P
2023-FA Course Grade,705,CLA INT 101.,P
2023-FA Course Grade,706,CLA INT 101.,P
2023-FA Course Grade,707,CLA INT 101.,P
2023-FA Course Grade,708,CLA INT 101.,P
2023-FA Course Grade,709,CLA INT 101.,P
2023-FA Course Grade,710,CLA GBK 101.,P
2023-FA Course Grade,711,CLA INT 101.,P
2023-FA Course Grade,712,CLA GBK 101.,P
2023-FA Course Grade,713,CLA INT 101.,P
2023-FA Course Grade,714,CLA GBK 101.,P
2023-FA Course Grade,715,CLA INT 101.,P
2023-FA Course Grade,716,CLA INT 101.,P
2023-FA Course Grade,717,CLA INT 101.,P
2023-FA Course Grade,718,CLA INT 101.,P
2023-FA Course Grade,719,CLA INT 101.,P
2023-FA Course Grade,720,CLA INT 101.,P
2023-FA Course Grade,721,CLA INT 101.,P
2023-FA Course Grade,722,CLA INT 101.,P
2023-FA Course Grade,723,CLA INT 101.,P
2023-FA Course Grade,724,CLA INT 101.,P
2023-FA Course Grade,725,CLA INT 101.,P
2023-FA Course Grade,726,CLA INT 101.,P
2023-FA Course Grade,727,CLA INT 101.,P
2023-FA Course Grade,728,CLA INT 101.,P
2023-FA Course Grade,729,CLA INT 101.,P
2023-FA Course Grade,730,CLA INT 101.,P
2023-FA Course Grade,731,CLA INT 101.,P
2023-FA Course Grade,732,CLA INT 101.,P
2023-FA Course Grade,733,CLA INT 101.,P
2023-FA Course Grade,734,CLA INT 101.,P
2023-FA Course Grade,735,CLA INT 101.,P
2023-FA Course Grade,736,CLA INT 101.,P
2023-FA Course Grade,737,CLA INT 101.,P
2023-FA Course Grade,226,CLA GBK 203.,P
2023-FA Course Grade,738,CLA INT 101.,P
2023-FA Course Grade,739,CLA INT 101.,P
2023-FA Course Grade,740,CLA INT 101.,P
2023-FA Course Grade,741,CLA INT 101.,P
2023-FA Course Grade,742,CLA INT 101.,P
2023-FA Course Grade,743,CLA INT 101.,P
2023-FA Course Grade,744,CLA INT 101.,P
2023-FA Course Grade,745,CLA INT 101.,P
2023-FA Course Grade,746,CLA INT 101.,P
2023-FA Course Grade,747,CLA INT 101.,P
2023-FA Course Grade,748,CLA INT 101.,P
2023-FA Course Grade,749,CLA INT 101.,P
2023-FA Course Grade,750,CLA INT 101.,P
2023-FA Course Grade,236,CLA INT 301.,P
2023-FA Course Grade,247,CLA GBK 305.,P
2023-FA Course Grade,235,CLA GBK 305.,P
2023-FA Course Grade,751,CLA GBK 101.,P
2023-FA Course Grade,211,CLA GBK 305.,P
2023-FA Course Grade,213,CLA GBK 203.,P
2023-FA Course Grade,214,CLA INT 301.,P
2023-FA Course Grade,752,CLA INT 301.,P
2023-FA Course Grade,753,CLA GBK 101.,P
2023-FA Course Grade,754,CLA INT 101.,P
2023-FA Course Grade,755,CLA INT 101.,P
2023-FA Course Grade,756,CLA INT 101.,P
2023-FA Course Grade,757,CLA INT 101.,P
2023-FA Course Grade,758,CLA INT 101.,P
2023-FA Course Grade,759,CLA INT 101.,P
2023-FA Course Grade,760,CLA INT 101.,P
2023-FA Course Grade,224,CLA GBK 305.,P
2023-FA Course Grade,761,CLA INT 101.,P
2023-FA Course Grade,762,CLA INT 101.,P
2023-FA Course Grade,763,CLA INT 101.,P
2023-FA Course Grade,764,CLA INT 101.,P
2023-FA Course Grade,765,CLA INT 101.,P
2023-FA Course Grade,766,CLA INT 101.,P
2023-FA Course Grade,767,CLA INT 101.,P
2023-FA Course Grade,768,CLA INT 101.,P
2023-FA Course Grade,769,CLA INT 101.,P
2023-FA Course Grade,770,CLA INT 101.,P
2023-FA Course Grade,771,CLA INT 101.,P
2023-FA Course Grade,772,CLA INT 101.,P
2023-FA Course Grade,773,CLA INT 101.,P
2023-FA Course Grade,522,CLA INT 201.,P
2023-FA Course Grade,774,CLA INT 101.,P
2023-FA Course Grade,297,CLA GBK 203.,P
2023-FA Course Grade,775,CLA INT 101.,P
2023-FA Course Grade,776,CLA INT 101.,P
2023-FA Course Grade,487,CLA INT 301.,P
2023-FA Course Grade,777,CLA GBK 101.,P
2023-FA Course Grade,778,CLA INT 101.,P
2023-FA Course Grade,486,CLA INT 301.,P
2023-FA Course Grade,779,CLA INT 101.,P
2023-FA Course Grade,272,CLA GBK 305.,P
2023-FA Course Grade,274,CLA INT 201.,P
2023-FA Course Grade,285,CLA INT 201.,P
2023-FA Course Grade,780,CLA INT 201.,P
2023-FA Course Grade,781,CLA INT 201.,P
2023-FA Course Grade,782,CLA INT 201.,P
2023-FA Course Grade,277,CLA GBK 203.,P
2023-FA Course Grade,280,CLA INT 201.,P
2023-FA Course Grade,783,CLA INT 101.,P
2023-FA Course Grade,784,CLA INT 301.,P
2023-FA Course Grade,785,CLA INT 201.,P
2023-FA Course Grade,786,CLA INT 201.,P
2023-FA Course Grade,787,CLA INT 301.,P
2023-FA Course Grade,0,CLA INT 301.,P
2023-FA Course Grade,209,CLA INT 201.,P
2023-FA Course Grade,788,CLA GBK 101.,P
2023-FA Course Grade,789,CLA INT 101.,P
2023-FA Course Grade,790,CLA GBK 101.,P
2023-FA Course Grade,791,CLA INT 201.,P
2023-FA Course Grade,792,CLA INT 101.,P
2023-FA Course Grade,793,CLA INT 101.,P
2023-FA Course Grade,794,CLA INT 101.,P
2023-FA Course Grade,281,CLA INT 201.,P
2023-FA Course Grade,795,CLA INT 301.,P
2023-FA Course Grade,796,CLA INT 301.,P
2023-FA Course Grade,797,CLA INT 101.,P
2023-FA Course Grade,798,CLA GBK 101.,P
2023-FA Course Grade,799,CLA INT 301.,P
2023-FA Course Grade,800,CLA INT 201.,P
2023-FA Course Grade,801,CLA INT 101.,P
2023-FA Course Grade,802,CLA INT 201.,P
2023-FA Course Grade,803,CLA INT 201.,P
2023-FA Course Grade,299,CLA GBK 305.,P
2023-FA Course Grade,300,CLA GBK 203.,P
2023-FA Course Grade,804,CLA INT 101.,P
2023-FA Course Grade,301,CLA GBK 305.,P
2023-FA Course Grade,805,CLA INT 201.,P
2023-FA Course Grade,806,CLA GBK 203.,P
2023-FA Course Grade,807,CLA INT 101.,P
2023-FA Course Grade,303,CLA INT 201.,P
2023-FA Course Grade,808,CLA INT 201.,P
2023-FA Course Grade,492,CLA INT 201.,P
2023-FA Course Grade,305,CLA INT 201.,P
2023-FA Course Grade,809,CLA INT 201.,P
2023-FA Course Grade,810,CLA INT 101.,P
2023-FA Course Grade,811,CLA INT 101.,P
2023-FA Course Grade,812,CLA INT 101.,P
2023-FA Course Grade,813,CLA GBK 101.,P
2023-FA Course Grade,814,CLA INT 201.,P
2023-FA Course Grade,815,CLA INT 301.,P
2023-FA Course Grade,287,CLA INT 201.,P
2023-FA Course Grade,488,CLA INT 301.,P
2023-FA Course Grade,288,CLA INT 301.,P
2023-FA Course Grade,496,CLA INT 201.,P
2023-FA Course Grade,816,CLA GBK 101.,P
2023-FA Course Grade,817,CLA INT 101.,P
2023-FA Course Grade,308,CLA INT 201.,P
2023-FA Course Grade,818,CLA INT 101.,P
2023-FA Course Grade,491,CLA INT 201.,P
2023-FA Course Grade,819,CLA INT 101.,P
2023-FA Course Grade,255,CLA INT 201.,P
2023-FA Course Grade,820,CLA INT 101.,P
2023-FA Course Grade,821,CLA INT 201.,P
2023-FA Course Grade,508,CLA INT 301.,P
2023-FA Course Grade,506,CLA INT 201.,P
2023-FA Course Grade,822,CLA INT 101.,P
2023-FA Course Grade,823,CLA INT 301.,P
2023-FA Course Grade,824,CLA GBK 101.,P
2023-FA Course Grade,825,CLA INT 101.,P
2023-FA Course Grade,826,CLA GBK 101.,P
2023-FA Course Grade,827,CLA INT 101.,P
2023-FA Course Grade,828,CLA GBK 101.,P
2023-FA Course Grade,829,CLA GBK 101.,P
2023-FA Course Grade,830,CLA INT 101.,P
2023-FA Course Grade,831,CLA INT 101.,P
2023-FA Course Grade,832,CLA INT 101.,P
2023-FA Course Grade,833,CLA INT 301.,P
2023-FA Course Grade,834,CLA GBK 101.,P
2023-FA Course Grade,835,CLA INT 101.,P
2023-FA Course Grade,836,CLA GBK 101.,P
2023-FA Course Grade,374,CLA INT 201.,P
2023-FA Course Grade,837,CLA INT 301.,P
2023-FA Course Grade,838,CLA INT 101.,P
2023-FA Course Grade,839,CLA INT 201.,P
2023-FA Course Grade,840,CLA INT 201.,P
2023-FA Course Grade,841,CLA GBK 101.,P
2023-FA Course Grade,842,CLA INT 101.,P
2023-FA Course Grade,843,CLA INT 101.,P
2023-FA Course Grade,844,CLA INT 201.,P
2023-FA Course Grade,845,CLA INT 201.,P
2023-FA Course Grade,372,CLA INT 201.,P
2023-FA Course Grade,846,CLA GBK 101.,P
2023-FA Course Grade,393,CLA INT 201.,P
2023-FA Course Grade,847,CLA GBK 101.,P
2023-FA Course Grade,848,CLA INT 301.,P
2023-FA Course Grade,849,CLA GBK 101.,P
2023-FA Course Grade,850,CLA INT 301.,P
2023-FA Course Grade,411,CLA INT 301.,P
2023-FA Course Grade,851,CLA INT 101.,P
2023-FA Course Grade,852,CLA GBK 101.,P
2023-FA Course Grade,853,CLA INT 101.,P
2023-FA Course Grade,854,CLA INT 301.,P
2023-FA Course Grade,333,CLA INT 301.,P
2023-FA Course Grade,429,CLA INT 301.,P
2023-FA Course Grade,855,CLA GBK 101.,P
2023-FA Course Grade,856,CLA INT 201.,P
2023-FA Course Grade,857,CLA INT 101.,P
2023-FA Course Grade,858,CLA INT 101.,P
2023-FA Course Grade,428,CLA INT 201.,P
2023-FA Course Grade,377,CLA INT 201.,P
2023-FA Course Grade,859,CLA INT 201.,P
2023-FA Course Grade,860,CLA INT 301.,P
2023-FA Course Grade,861,CLA INT 201.,P
2023-FA Course Grade,396,CLA INT 201.,P
2023-FA Course Grade,862,CLA INT 201.,P
2023-FA Course Grade,863,CLA INT 301.,P
2023-FA Course Grade,864,CLA INT 101.,P
2023-FA Course Grade,415,CLA INT 301.,P
2023-FA Course Grade,865,CLA INT 201.,P
2023-FA Course Grade,457,CLA INT 201.,P
2023-FA Course Grade,866,CLA INT 201.,P
2023-FA Course Grade,867,CLA INT 101.,P
2023-FA Course Grade,868,CLA GBK 101.,P
2023-FA Course Grade,869,CLA INT 101.,P
2023-FA Course Grade,870,CLA INT 101.,P
2023-FA Course Grade,871,CLA INT 301.,P
2023-FA Course Grade,872,CLA INT 301.,P
2023-FA Course Grade,873,CLA INT 101.,P
2023-FA Course Grade,874,CLA INT 101.,P
2023-FA Course Grade,402,CLA INT 201.,P
2023-FA Course Grade,875,CLA INT 201.,P
2023-FA Course Grade,876,CLA GBK 101.,P
2023-FA Course Grade,877,CLA INT 201.,P
2023-FA Course Grade,878,CLA GBK 101.,P
2023-FA Course Grade,879,CLA INT 301.,P
2023-FA Course Grade,880,CLA GBK 101.,P
2023-FA Course Grade,881,CLA INT 301.,P
2023-FA Course Grade,239,CLA INT 101.,P
2023-FA Course Grade,882,CLA GBK 101.,P
2023-FA Course Grade,883,CLA INT 101.,P
2023-FA Course Grade,884,CLA INT 301.,P
2023-FA Course Grade,885,CLA INT 101.,P
2023-FA Course Grade,886,CLA INT 101.,P
2023-FA Course Grade,887,CLA GBK 101.,P
2023-FA Course Grade,888,CLA INT 101.,P
2023-FA Course Grade,889,CLA INT 201.,P
2023-FA Course Grade,890,CLA INT 101.,P
2023-FA Course Grade,891,CLA INT 101.,P
2023-FA Course Grade,892,CLA INT 101.,P
2023-FA Course Grade,893,CLA INT 301.,P
2023-FA Course Grade,894,CLA INT 101.,P
2023-FA Course Grade,895,CLA INT 101.,P
2023-FA Course Grade,896,CLA INT 101.,P
2023-FA Course Grade,897,CLA GBK 101.,P
2023-FA Course Grade,251,CLA GBK 203.,P
2023-FA Course Grade,898,CLA INT 201.,P
2023-FA Course Grade,237,CLA GBK 203.,P
2023-FA Course Grade,899,CLA INT 201.,P
2023-FA Course Grade,249,CLA INT 301.,P
2023-FA Course Grade,259,CLA INT 301.,P
2023-FA Course Grade,248,CLA INT 201.,P
2023-FA Course Grade,900,CLA INT 101.,P
2023-FA Course Grade,245,CLA INT 301.,P
2023-FA Course Grade,901,CLA GBK 101.,P
2023-FA Course Grade,902,CLA INT 201.,P
2023-FA Course Grade,903,CLA INT 101.,P
2023-FA Course Grade,315,CLA INT 301.,P
2023-FA Course Grade,904,CLA INT 201.,P
2023-FA Course Grade,905,CLA GBK 101.,P
2023-FA Course Grade,906,CLA GBK 101.,P
2023-FA Course Grade,907,CLA GBK 101.,P
2023-FA Course Grade,908,CLA INT 101.,P
2023-FA Course Grade,909,CLA INT 101.,P
2023-FA Course Grade,910,CLA INT 101.,P
2023-FA Course Grade,911,CLA INT 101.,P
2023-FA Course Grade,912,CLA INT 101.,P
2023-FA Course Grade,913,CLA INT 101.,P
2023-FA Course Grade,914,CLA INT 101.,P
2023-FA Course Grade,915,CLA INT 101.,P
2023-FA Course Grade,916,CLA INT 101.,P
2023-FA Course Grade,917,CLA GBK 101.,P
2023-FA Course Grade,918,CLA GBK 101.,P
2023-FA Course Grade,919,CLA INT 101.,P
2023-FA Course Grade,920,CLA GBK 101.,P
2023-FA Course Grade,921,CLA INT 101.,P
2023-FA Course Grade,922,CLA INT 301.,P
2023-FA Course Grade,390,CLA INT 301.,P
2023-FA Course Grade,387,CLA GBK 305.,P
2023-FA Course Grade,386,CLA GBK 305.,P
2023-FA Course Grade,923,CLA INT 201.,P
2023-FA Course Grade,924,CLA INT 101.,P
2023-FA Course Grade,925,CLA INT 301.,P
2023-FA Course Grade,926,CLA INT 101.,P
2023-FA Course Grade,383,CLA GBK 203.,P
2023-FA Course Grade,391,CLA INT 201.,P
2023-FA Course Grade,380,CLA GBK 305.,P
2023-FA Course Grade,927,CLA INT 101.,P
2023-FA Course Grade,378,CLA INT 201.,P
2023-FA Course Grade,928,CLA INT 201.,P
2023-FA Course Grade,929,CLA INT 101.,P
2023-FA Course Grade,930,CLA INT 101.,P
2023-FA Course Grade,931,CLA INT 101.,P
2023-FA Course Grade,932,CLA GBK 101.,P
2023-FA Course Grade,933,CLA INT 101.,P
2023-FA Course Grade,934,CLA INT 101.,P
2023-FA Course Grade,935,CLA INT 101.,P
2023-FA Course Grade,936,CLA INT 101.,P
2023-FA Course Grade,937,CLA INT 101.,P
2023-FA Course Grade,443,CLA INT 301.,P
2023-FA Course Grade,152,CLA GBK 305.,P
2023-FA Course Grade,131,CLA INT 301.,P
2023-FA Course Grade,106,CLA INT 301.,P
2023-FA Course Grade,107,CLA INT 301.,P
2023-FA Course Grade,938,CLA INT 301.,P
2023-FA Course Grade,939,CLA INT 201.,P
2023-FA Course Grade,108,CLA GBK 305.,P
2023-FA Course Grade,940,CLA GBK 203.,P
2023-FA Course Grade,109,CLA GBK 203.,P
2023-FA Course Grade,941,CLA INT 201.,P
2023-FA Course Grade,942,CLA INT 201.,P
2023-FA Course Grade,112,CLA INT 301.,P
2023-FA Course Grade,943,CLA INT 101.,P
2023-FA Course Grade,114,CLA INT 201.,P
2023-FA Course Grade,944,CLA INT 101.,P
2023-FA Course Grade,117,CLA INT 201.,P
2023-FA Course Grade,439,CLA INT 301.,P
2023-FA Course Grade,945,CLA INT 301.,P
2023-FA Course Grade,946,CLA INT 301.,P
2023-FA Course Grade,438,CLA INT 301.,P
2023-FA Course Grade,947,CLA INT 101.,P
2023-FA Course Grade,948,CLA INT 101.,P
2023-FA Course Grade,120,CLA INT 301.,P
2023-FA Course Grade,949,CLA INT 201.,P
2023-FA Course Grade,147,CLA GBK 305.,P
2023-FA Course Grade,132,CLA GBK 203.,P
2023-FA Course Grade,950,CLA INT 201.,P
2023-FA Course Grade,133,CLA INT 301.,P
2023-FA Course Grade,134,CLA INT 301.,P
2023-FA Course Grade,951,CLA GBK 101.,P
2023-FA Course Grade,139,CLA INT 301.,P
2023-FA Course Grade,952,CLA INT 301.,P
2023-FA Course Grade,953,CLA INT 201.,P
2023-FA Course Grade,954,CLA INT 201.,P
2023-FA Course Grade,955,CLA INT 201.,P
2023-FA Course Grade,956,CLA INT 101.,P
2023-FA Course Grade,957,CLA INT 301.,P
2023-FA Course Grade,148,CLA INT 201.,P
2023-FA Course Grade,958,CLA INT 101.,P
2023-FA Course Grade,444,CLA INT 201.,P
2023-FA Course Grade,959,CLA INT 101.,P
2023-FA Course Grade,960,CLA INT 101.,P
2023-FA Course Grade,144,CLA INT 301.,P
2023-FA Course Grade,961,CLA INT 301.,P
2023-FA Course Grade,962,CLA INT 101.,P
2023-FA Course Grade,963,CLA INT 201.,P
2023-FA Course Grade,964,CLA INT 201.,P
2023-FA Course Grade,965,CLA INT 201.,P
2023-FA Course Grade,966,CLA INT 101.,P
2023-FA Course Grade,967,CLA INT 101.,P
2023-FA Course Grade,968,CLA INT 201.,P
2023-FA Course Grade,143,CLA GBK 203.,P
2023-FA Course Grade,969,CLA INT 201.,P
2023-FA Course Grade,183,CLA INT 201.,P
2023-FA Course Grade,970,CLA INT 201.,P
2023-FA Course Grade,197,CLA GBK 305.,P
2023-FA Course Grade,971,CLA INT 101.,P
2023-FA Course Grade,972,CLA INT 101.,P
2023-FA Course Grade,973,CLA INT 101.,P
2023-FA Course Grade,974,CLA INT 101.,P
2023-FA Course Grade,200,CLA GBK 203.,P
2023-FA Course Grade,975,CLA INT 101.,P
2023-FA Course Grade,976,CLA INT 101.,P
2023-FA Course Grade,977,CLA INT 301.,P
2023-FA Course Grade,978,CLA INT 101.,P
2023-FA Course Grade,979,CLA INT 101.,P
2023-FA Course Grade,980,CLA GBK 101.,P
2023-FA Course Grade,981,CLA INT 101.,P
2023-FA Course Grade,982,CLA GBK 101.,P
2023-FA Course Grade,983,CLA INT 101.,P
2023-FA Course Grade,984,CLA INT 201.,P
2023-FA Course Grade,985,CLA INT 201.,P
2023-FA Course Grade,205,CLA GBK 203.,P
2023-FA Course Grade,986,CLA INT 101.,P
2023-FA Course Grade,987,CLA INT 101.,P
2023-FA Course Grade,988,CLA INT 101.,P
2023-FA Course Grade,989,CLA INT 101.,P
2023-FA Course Grade,990,CLA INT 101.,P
2023-FA Course Grade,991,CLA GBK 101.,P
2023-FA Course Grade,992,CLA INT 301.,P
2023-FA Course Grade,121,CLA GBK 203.,P
2023-FA Course Grade,993,CLA GBK 101.,P
2023-FA Course Grade,994,CLA INT 201.,P
2023-FA Course Grade,995,CLA INT 101.,P
2023-FA Course Grade,996,CLA INT 101.,P
2023-FA Course Grade,193,CLA INT 201.,P
2023-FA Course Grade,997,CLA INT 101.,P
2023-FA Course Grade,998,CLA INT 201.,P
2023-FA Course Grade,122,CLA INT 301.,P
2023-FA Course Grade,999,CLA GBK 101.,P
2023-FA Course Grade,1000,CLA INT 101.,P
2023-FA Course Grade,1001,CLA INT 101.,P
2023-FA Course Grade,1002,CLA GBK 101.,P
2023-FA Course Grade,1003,CLA INT 101.,P
2023-FA Course Grade,1004,CLA INT 101.,P
2023-FA Course Grade,157,CLA INT 201.,P
2023-FA Course Grade,184,CLA INT 301.,P
2023-FA Course Grade,188,CLA INT 201.,P
2023-FA Course Grade,1005,CLA INT 101.,P
2023-FA Course Grade,1006,CLA INT 101.,P
2023-FA Course Grade,189,CLA INT 301.,P
2023-FA Course Grade,1007,CLA INT 301.,P
2023-FA Course Grade,1008,CLA INT 101.,P
2023-FA Course Grade,1009,CLA INT 301.,P
2023-FA Course Grade,1010,CLA INT 201.,P
2023-FA Course Grade,1011,CLA GBK 101.,P
2023-FA Course Grade,1012,CLA INT 101.,P
2023-FA Course Grade,1013,CLA INT 101.,P
2023-FA Course Grade,1014,CLA INT 201.,P
2023-FA Course Grade,1015,CLA INT 101.,P
2023-FA Course Grade,192,CLA INT 301.,P
2023-FA Course Grade,1016,CLA GBK 101.,P
2023-FA Course Grade,1017,CLA INT 101.,P
2023-SP Course Grade,1018,CLA INT 201.,P
2023-SP Course Grade,313,CLA INT 301.,P
2023-SP Course Grade,1019,CLA INT 201.,P
2023-SP Course Grade,387,CLA GBK 304.,P
2023-SP Course Grade,386,CLA GBK 304.,P
2023-SP Course Grade,385,CLA INT 301.,P
2023-SP Course Grade,923,CLA INT 101.,P
2023-SP Course Grade,383,CLA GBK 202.,P
2023-SP Course Grade,380,CLA GBK 304.,P
2023-SP Course Grade,904,CLA INT 101.,P
2023-SP Course Grade,877,CLA INT 101.,P
2023-SP Course Grade,368,CLA INT 301.,P
2023-SP Course Grade,928,CLA INT 101.,P
2023-SP Course Grade,1020,CLA INT 101.,P
2023-SP Course Grade,1021,CLA INT 101.,P
2023-SP Course Grade,875,CLA INT 101.,P
2023-SP Course Grade,839,CLA INT 101.,P
2023-SP Course Grade,1022,CLA INT 101.,P
2023-SP Course Grade,840,CLA INT 101.,P
2023-SP Course Grade,1023,CLA INT 101.,P
2023-SP Course Grade,1024,CLA INT 101.,P
2023-SP Course Grade,1025,CLA INT 201.,P
2023-SP Course Grade,237,CLA GBK 202.,P
2023-SP Course Grade,246,CLA INT 301.,P
2023-SP Course Grade,1026,CLA INT 101.,P
2023-SP Course Grade,1027,CLA INT 201.,P
2023-SP Course Grade,1028,CLA INT 101.,P
2023-SP Course Grade,256,CLA INT 201.,P
2023-SP Course Grade,821,CLA INT 101.,P
2023-SP Course Grade,523,CLA INT 201.,P
2023-SP Course Grade,1029,CLA INT 101.,P
2023-SP Course Grade,251,CLA GBK 202.,P
2023-SP Course Grade,898,CLA INT 101.,P
2023-SP Course Grade,899,CLA INT 101.,P
2023-SP Course Grade,250,CLA GBK 202.,P
2023-SP Course Grade,902,CLA INT 101.,P
2023-SP Course Grade,259,CLA INT 201.,P
2023-SP Course Grade,245,CLA INT 201.,P
2023-SP Course Grade,244,CLA INT 201.,P
2023-SP Course Grade,510,CLA INT 301.,P
2023-SP Course Grade,889,CLA INT 101.,P
2023-SP Course Grade,1030,CLA INT 301.,P
2023-SP Course Grade,1031,CLA INT 101.,P
2023-SP Course Grade,239,CLA GBK 304.,P
2023-SP Course Grade,1032,CLA INT 101.,P
2023-SP Course Grade,1033,CLA INT 301.,P
2023-SP Course Grade,238,CLA INT 301.,P
2023-SP Course Grade,498,CLA INT 301.,P
2023-SP Course Grade,879,CLA INT 201.,P
2023-SP Course Grade,1034,CLA INT 101.,P
2023-SP Course Grade,1035,CLA INT 101.,P
2023-SP Course Grade,845,CLA INT 101.,P
2023-SP Course Grade,365,CLA INT 201.,P
2023-SP Course Grade,1036,CLA INT 201.,P
2023-SP Course Grade,1037,CLA INT 101.,P
2023-SP Course Grade,1038,CLA INT 201.,P
2023-SP Course Grade,429,CLA INT 201.,P
2023-SP Course Grade,1039,CLA INT 301.,P
2023-SP Course Grade,1040,CLA INT 101.,P
2023-SP Course Grade,1041,CLA INT 301.,P
2023-SP Course Grade,330,CLA GBK 202.,P
2023-SP Course Grade,1042,CLA INT 101.,P
2023-SP Course Grade,247,CLA GBK 304.,P
2023-SP Course Grade,328,CLA INT 301.,P
2023-SP Course Grade,1043,CLA INT 101.,P
2023-SP Course Grade,1044,CLA INT 201.,P
2023-SP Course Grade,324,CLA INT 301.,P
2023-SP Course Grade,1045,CLA INT 201.,P
2023-SP Course Grade,1046,CLA INT 201.,P
2023-SP Course Grade,318,CLA INT 201.,P
2023-SP Course Grade,326,CLA INT 201.,P
2023-SP Course Grade,1047,CLA INT 201.,P
2023-SP Course Grade,362,CLA GBK 304.,P
2023-SP Course Grade,1048,CLA INT 101.,P
2023-SP Course Grade,430,CLA INT 301.,P
2023-SP Course Grade,859,CLA INT 101.,P
2023-SP Course Grade,860,CLA INT 201.,P
2023-SP Course Grade,861,CLA INT 101.,P
2023-SP Course Grade,370,CLA INT 201.,P
2023-SP Course Grade,505,CLA INT 201.,P
2023-SP Course Grade,1049,CLA INT 301.,P
2023-SP Course Grade,401,CLA INT 301.,P
2023-SP Course Grade,1050,CLA INT 101.,P
2023-SP Course Grade,1051,CLA INT 101.,P
2023-SP Course Grade,823,CLA INT 201.,P
2023-SP Course Grade,1052,CLA INT 101.,P
2023-SP Course Grade,1053,CLA INT 101.,P
2023-SP Course Grade,411,CLA INT 201.,P
2023-SP Course Grade,417,CLA INT 301.,P
2023-SP Course Grade,413,CLA INT 201.,P
2023-SP Course Grade,863,CLA INT 201.,P
2023-SP Course Grade,1054,CLA INT 101.,P
2023-SP Course Grade,1055,CLA INT 301.,P
2023-SP Course Grade,1056,CLA INT 101.,P
2023-SP Course Grade,404,CLA INT 201.,P
2023-SP Course Grade,1057,CLA INT 301.,P
2023-SP Course Grade,403,CLA GBK 202.,P
2023-SP Course Grade,406,CLA INT 201.,P
2023-SP Course Grade,398,CLA INT 301.,P
2023-SP Course Grade,862,CLA INT 101.,P
2023-SP Course Grade,395,CLA INT 301.,P
2023-SP Course Grade,844,CLA INT 101.,P
2023-SP Course Grade,235,CLA GBK 304.,P
2023-SP Course Grade,495,CLA INT 101.,P
2023-SP Course Grade,212,CLA INT 201.,P
2023-SP Course Grade,1058,CLA INT 201.,P
2023-SP Course Grade,1059,CLA INT 101.,P
2023-SP Course Grade,1060,CLA INT 101.,P
2023-SP Course Grade,263,CLA INT 301.,P
2023-SP Course Grade,273,CLA INT 301.,P
2023-SP Course Grade,288,CLA INT 201.,P
2023-SP Course Grade,310,CLA INT 301.,P
2023-SP Course Grade,1061,CLA INT 201.,P
2023-SP Course Grade,307,CLA INT 201.,P
2023-SP Course Grade,1062,CLA INT 301.,P
2023-SP Course Grade,1063,CLA INT 101.,P
2023-SP Course Grade,306,CLA INT 201.,P
2023-SP Course Grade,304,CLA INT 301.,P
2023-SP Course Grade,482,CLA INT 201.,P
2023-SP Course Grade,805,CLA INT 101.,P
2023-SP Course Grade,301,CLA GBK 304.,P
2023-SP Course Grade,300,CLA GBK 202.,P
2023-SP Course Grade,299,CLA GBK 304.,P
2023-SP Course Grade,802,CLA INT 101.,P
2023-SP Course Grade,1064,CLA INT 101.,P
2023-SP Course Grade,800,CLA INT 101.,P
2023-SP Course Grade,297,CLA GBK 202.,P
2023-SP Course Grade,809,CLA INT 101.,P
2023-SP Course Grade,487,CLA INT 201.,P
2023-SP Course Grade,1065,CLA INT 301.,P
2023-SP Course Grade,1066,CLA INT 101.,P
2023-SP Course Grade,483,CLA INT 301.,P
2023-SP Course Grade,1067,CLA INT 101.,P
2023-SP Course Grade,1068,CLA INT 301.,P
2023-SP Course Grade,791,CLA INT 101.,P
2023-SP Course Grade,1069,CLA INT 301.,P
2023-SP Course Grade,1070,CLA INT 101.,P
2023-SP Course Grade,1071,CLA INT 101.,P
2023-SP Course Grade,282,CLA INT 301.,P
2023-SP Course Grade,1072,CLA INT 101.,P
2023-SP Course Grade,1073,CLA INT 101.,P
2023-SP Course Grade,1074,CLA INT 201.,P
2023-SP Course Grade,1075,CLA INT 201.,P
2023-SP Course Grade,795,CLA INT 201.,P
2023-SP Course Grade,485,CLA INT 301.,P
2023-SP Course Grade,279,CLA INT 301.,P
2023-SP Course Grade,1076,CLA INT 301.,P
2023-SP Course Grade,277,CLA GBK 202.,P
2023-SP Course Grade,276,CLA INT 301.,P
2023-SP Course Grade,275,CLA INT 301.,P
2023-SP Course Grade,782,CLA INT 101.,P
2023-SP Course Grade,781,CLA INT 101.,P
2023-SP Course Grade,780,CLA INT 101.,P
2023-SP Course Grade,272,CLA GBK 304.,P
2023-SP Course Grade,1077,CLA INT 101.,P
2023-SP Course Grade,1078,CLA INT 101.,P
2023-SP Course Grade,1079,CLA INT 101.,P
2023-SP Course Grade,1080,CLA INT 101.,P
2023-SP Course Grade,226,CLA GBK 202.,P
2023-SP Course Grade,1081,CLA INT 101.,P
2023-SP Course Grade,1082,CLA INT 101.,P
2023-SP Course Grade,224,CLA GBK 304.,P
2023-SP Course Grade,1083,CLA INT 101.,P
2023-SP Course Grade,1084,CLA INT 101.,P
2023-SP Course Grade,773,CLA INT 101.,P
2023-SP Course Grade,1085,CLA INT 101.,P
2023-SP Course Grade,1086,CLA INT 101.,P
2023-SP Course Grade,1087,CLA INT 101.,P
2023-SP Course Grade,1088,CLA INT 101.,P
2023-SP Course Grade,1089,CLA INT 101.,P
2023-SP Course Grade,1090,CLA INT 101.,P
2023-SP Course Grade,1091,CLA INT 101.,P
2023-SP Course Grade,1092,CLA INT 101.,P
2023-SP Course Grade,1093,CLA INT 101.,P
2023-SP Course Grade,1094,CLA INT 101.,P
2023-SP Course Grade,1095,CLA INT 101.,P
2023-SP Course Grade,1096,CLA INT 101.,P
2023-SP Course Grade,216,CLA INT 301.,P
2023-SP Course Grade,215,CLA INT 201.,P
2023-SP Course Grade,1097,CLA INT 101.,P
2023-SP Course Grade,213,CLA GBK 202.,P
2023-SP Course Grade,1098,CLA INT 101.,P
2023-SP Course Grade,211,CLA GBK 304.,P
2023-SP Course Grade,1099,CLA INT 101.,P
2023-SP Course Grade,1100,CLA INT 101.,P
2023-SP Course Grade,1101,CLA INT 101.,P
2023-SP Course Grade,1102,CLA INT 101.,P
2023-SP Course Grade,1103,CLA INT 101.,P
2023-SP Course Grade,1104,CLA INT 101.,P
2023-SP Course Grade,1105,CLA INT 101.,P
2023-SP Course Grade,1106,CLA INT 101.,P
2023-SP Course Grade,1107,CLA INT 101.,P
2023-SP Course Grade,1108,CLA INT 101.,P
2023-SP Course Grade,1109,CLA INT 101.,P
2023-SP Course Grade,1110,CLA INT 101.,P
2023-SP Course Grade,1111,CLA INT 101.,P
2023-SP Course Grade,1112,CLA INT 101.,P
2023-SP Course Grade,1113,CLA INT 101.,P
2023-SP Course Grade,1114,CLA INT 101.,P
2023-SP Course Grade,1115,CLA INT 101.,P
2023-SP Course Grade,1116,CLA INT 101.,P
2023-SP Course Grade,1117,CLA INT 101.,P
2023-SP Course Grade,1118,CLA INT 101.,P
2023-SP Course Grade,1119,CLA INT 101.,P
2023-SP Course Grade,1120,CLA INT 201.,P
2023-SP Course Grade,1121,CLA INT 101.,P
2023-SP Course Grade,1122,CLA INT 101.,P
2023-SP Course Grade,1123,CLA INT 101.,P
2023-SP Course Grade,1124,CLA INT 101.,P
2023-SP Course Grade,361,CLA INT 201.,P
2023-SP Course Grade,1125,CLA INT 201.,P
2023-SP Course Grade,360,CLA INT 301.,P
2023-SP Course Grade,158,CLA INT 301.,P
2023-SP Course Grade,1126,CLA INT 101.,P
2023-SP Course Grade,182,CLA INT 201.,P
2023-SP Course Grade,785,CLA INT 101.,P
2023-SP Course Grade,1127,CLA INT 101.,P
2023-SP Course Grade,206,CLA GBK 304.,P
2023-SP Course Grade,205,CLA GBK 202.,P
2023-SP Course Grade,1128,CLA INT 101.,P
2023-SP Course Grade,1129,CLA INT 301.,P
2023-SP Course Grade,204,CLA INT 301.,P
2023-SP Course Grade,455,CLA INT 301.,P
2023-SP Course Grade,1130,CLA INT 301.,P
2023-SP Course Grade,977,CLA INT 201.,P
2023-SP Course Grade,202,CLA INT 201.,P
2023-SP Course Grade,200,CLA GBK 202.,P
2023-SP Course Grade,199,CLA INT 201.,P
2023-SP Course Grade,441,CLA INT 301.,P
2023-SP Course Grade,197,CLA GBK 304.,P
2023-SP Course Grade,994,CLA INT 101.,P
2023-SP Course Grade,1131,CLA INT 101.,P
2023-SP Course Grade,192,CLA INT 201.,P
2023-SP Course Grade,1132,CLA INT 101.,P
2023-SP Course Grade,1133,CLA INT 201.,P
2023-SP Course Grade,454,CLA INT 201.,P
2023-SP Course Grade,650,CLA INT 101.,P
2023-SP Course Grade,1134,CLA INT 301.,P
2023-SP Course Grade,1135,CLA INT 201.,P
2023-SP Course Grade,1136,CLA INT 201.,P
2023-SP Course Grade,1137,CLA INT 101.,P
2023-SP Course Grade,636,CLA INT 101.,P
2023-SP Course Grade,27,CLA INT 301.,P
2023-SP Course Grade,102,CLA GBK 202.,P
2023-SP Course Grade,448,CLA INT 201.,P
2023-SP Course Grade,449,CLA INT 201.,P
2023-SP Course Grade,207,CLA INT 201.,P
2023-SP Course Grade,105,CLA GBK 304.,P
2023-SP Course Grade,1138,CLA INT 101.,P
2023-SP Course Grade,177,CLA INT 301.,P
2023-SP Course Grade,624,CLA INT 101.,P
2023-SP Course Grade,620,CLA INT 101.,P
2023-SP Course Grade,450,CLA INT 201.,P
2023-SP Course Grade,180,CLA INT 301.,P
2023-SP Course Grade,167,CLA GBK 306.,P
2023-SP Course Grade,1139,CLA INT 101.,P
2023-SP Course Grade,1140,CLA INT 101.,P
2023-SP Course Grade,1141,CLA INT 101.,P
2023-SP Course Grade,163,CLA INT 301.,P
2023-SP Course Grade,162,CLA GBK 304.,P
2023-SP Course Grade,1142,CLA INT 301.,P
2023-SP Course Grade,1009,CLA INT 201.,P
2023-SP Course Grade,634,CLA INT 101.,P
2023-SP Course Grade,1010,CLA INT 101.,P
2023-SP Course Grade,1143,CLA INT 101.,P
2023-SP Course Grade,108,CLA GBK 304.,P
2023-SP Course Grade,153,CLA INT 301.,P
2023-SP Course Grade,152,CLA GBK 304.,P
2023-SP Course Grade,151,CLA GBK 304.,P
2023-SP Course Grade,949,CLA INT 101.,P
2023-SP Course Grade,147,CLA GBK 304.,P
2023-SP Course Grade,146,CLA INT 301.,P
2023-SP Course Grade,965,CLA INT 101.,P
2023-SP Course Grade,964,CLA INT 101.,P
2023-SP Course Grade,963,CLA INT 101.,P
2023-SP Course Grade,109,CLA GBK 202.,P
2023-SP Course Grade,154,CLA INT 301.,P
2023-SP Course Grade,141,CLA INT 201.,P
2023-SP Course Grade,955,CLA INT 101.,P
2023-SP Course Grade,954,CLA INT 101.,P
2023-SP Course Grade,953,CLA INT 101.,P
2023-SP Course Grade,139,CLA INT 201.,P
2023-SP Course Grade,1144,CLA INT 101.,P
2023-SP Course Grade,135,CLA INT 301.,P
2023-SP Course Grade,133,CLA INT 201.,P
2023-SP Course Grade,950,CLA INT 101.,P
2023-SP Course Grade,1145,CLA INT 101.,P
2023-SP Course Grade,143,CLA GBK 202.,P
2023-SP Course Grade,110,CLA INT 201.,P
2023-SP Course Grade,1146,CLA INT 101.,P
2023-SP Course Grade,941,CLA INT 101.,P
2023-SP Course Grade,1147,CLA INT 101.,P
2023-SP Course Grade,190,CLA INT 301.,P
2023-SP Course Grade,1148,CLA INT 101.,P
2023-SP Course Grade,189,CLA INT 201.,P
2023-SP Course Grade,1149,CLA INT 101.,P
2023-SP Course Grade,1150,CLA INT 301.,P
2023-SP Course Grade,184,CLA INT 201.,P
2023-SP Course Grade,998,CLA INT 101.,P
2023-SP Course Grade,126,CLA INT 301.,P
2023-SP Course Grade,125,CLA GBK 202.,P
2023-SP Course Grade,970,CLA INT 101.,P
2023-SP Course Grade,1151,CLA INT 101.,P
2023-SP Course Grade,121,CLA GBK 202.,P
2023-SP Course Grade,969,CLA INT 101.,P
2023-SP Course Grade,118,CLA INT 301.,P
2023-SP Course Grade,946,CLA INT 201.,P
2023-SP Course Grade,945,CLA INT 201.,P
2023-SP Course Grade,439,CLA INT 201.,P
2023-SP Course Grade,440,CLA INT 201.,P
2023-SP Course Grade,113,CLA INT 301.,P
2023-SP Course Grade,442,CLA INT 201.,P
2023-SP Course Grade,112,CLA INT 201.,P
2023-SP Course Grade,942,CLA INT 101.,P
2023-SP Course Grade,1152,CLA INT 101.,P
2023-SP Course Grade,633,CLA INT 301.,P
2023-SP Course Grade,447,CLA INT 301.,P
2023-SP Course Grade,446,CLA INT 201.,P
2023-SP Course Grade,1153,CLA INT 101.,P
2023-SP Course Grade,1154,CLA INT 101.,P
2023-SP Course Grade,435,CLA INT 301.,P
2023-SP Course Grade,1155,CLA INT 201.,P
2023-SP Course Grade,541,CLA INT 101.,P
2023-SP Course Grade,57,CLA INT 301.,P
2023-SP Course Grade,56,CLA INT 301.,P
2023-SP Course Grade,55,CLA GBK 304.,P
2023-SP Course Grade,539,CLA INT 101.,P
2023-SP Course Grade,53,CLA INT 301.,P
2023-SP Course Grade,1156,CLA INT 101.,P
2023-SP Course Grade,76,CLA GBK 304.,P
2023-SP Course Grade,101,CLA GBK 202.,P
2023-SP Course Grade,1157,CLA INT 101.,P
2023-SP Course Grade,100,CLA INT 201.,P
2023-SP Course Grade,1158,CLA INT 101.,P
2023-SP Course Grade,98,CLA INT 201.,P
2023-SP Course Grade,532,CLA INT 101.,P
2023-SP Course Grade,95,CLA GBK 202.,P
2023-SP Course Grade,94,CLA INT 301.,P
2023-SP Course Grade,548,CLA INT 201.,P
2023-SP Course Grade,93,CLA GBK 202.,P
2023-SP Course Grade,77,CLA INT 301.,P
2023-SP Course Grade,603,CLA INT 201.,P
2023-SP Course Grade,65,CLA INT 201.,P
2023-SP Course Grade,434,CLA INT 201.,P
2023-SP Course Grade,359,CLA GBK 202.,P
2023-SP Course Grade,358,CLA GBK 202.,P
2023-SP Course Grade,1159,CLA INT 101.,P
2023-SP Course Grade,1160,CLA INT 201.,P
2023-SP Course Grade,1161,CLA INT 301.,P
2023-SP Course Grade,1162,CLA INT 101.,P
2023-SP Course Grade,572,CLA INT 101.,P
2023-SP Course Grade,1163,CLA INT 301.,P
2023-SP Course Grade,606,CLA INT 201.,P
2023-SP Course Grade,1164,CLA INT 201.,P
2023-SP Course Grade,1165,CLA INT 101.,P
2023-SP Course Grade,432,CLA INT 201.,P
2023-SP Course Grade,367,CLA INT 201.,P
2023-SP Course Grade,1166,CLA INT 101.,P
2023-SP Course Grade,284,CLA INT 201.,P
2023-SP Course Grade,433,CLA INT 201.,P
2023-SP Course Grade,1167,CLA INT 101.,P
2023-SP Course Grade,208,CLA INT 301.,P
2023-SP Course Grade,1168,CLA INT 101.,P
2023-SP Course Grade,1169,CLA INT 201.,P
2023-SP Course Grade,68,CLA GBK 202.,P
2023-SP Course Grade,602,CLA INT 101.,P
2023-SP Course Grade,67,CLA INT 301.,P
2023-SP Course Grade,92,CLA INT 301.,P
2023-SP Course Grade,557,CLA INT 101.,P
2023-SP Course Grade,90,CLA GBK 202.,P
2023-SP Course Grade,89,CLA GBK 202.,P
2023-SP Course Grade,3,CLA GBK 202.,P
2023-SP Course Grade,1170,CLA INT 101.,P
2023-SP Course Grade,1,CLA INT 201.,P
2023-SP Course Grade,37,CLA INT 301.,P
2023-SP Course Grade,685,CLA INT 101.,P
2023-SP Course Grade,1171,CLA INT 101.,P
2023-SP Course Grade,47,CLA INT 201.,P
2023-SP Course Grade,46,CLA GBK 202.,P
2023-SP Course Grade,702,CLA INT 101.,P
2023-SP Course Grade,617,CLA INT 201.,P
2023-SP Course Grade,703,CLA INT 201.,P
2023-SP Course Grade,1172,CLA INT 101.,P
2023-SP Course Grade,1173,CLA INT 201.,P
2023-SP Course Grade,436,CLA INT 201.,P
2023-SP Course Grade,44,CLA INT 201.,P
2023-SP Course Grade,41,CLA GBK 202.,P
2023-SP Course Grade,40,CLA GBK 306.,P
2023-SP Course Grade,39,CLA INT 301.,P
2023-SP Course Grade,49,CLA GBK 304.,P
2023-SP Course Grade,49,CLA GBK 202.,P
2023-SP Course Grade,38,CLA GBK 304.,P
2023-SP Course Grade,1174,CLA INT 201.,P
2023-SP Course Grade,694,CLA GBK 304.,P
2023-SP Course Grade,4,CLA GBK 304.,P
2023-SP Course Grade,1175,CLA INT 201.,P
2023-SP Course Grade,424,CLA INT 201.,P
2023-SP Course Grade,14,CLA INT 301.,P
2023-SP Course Grade,88,CLA INT 301.,P
2023-SP Course Grade,1176,CLA INT 201.,P
2023-SP Course Grade,555,CLA INT 101.,P
2023-SP Course Grade,786,CLA INT 101.,P
2023-SP Course Grade,85,CLA GBK 304.,P
2023-SP Course Grade,549,CLA INT 101.,P
2023-SP Course Grade,552,CLA INT 101.,P
2023-SP Course Grade,81,CLA GBK 202.,P
2023-SP Course Grade,419,CLA INT 201.,P
2023-SP Course Grade,79,CLA GBK 202.,P
2023-SP Course Grade,52,CLA GBK 202.,P
2023-SP Course Grade,50,CLA GBK 304.,P
2023-SP Course Grade,420,CLA INT 201.,P
2023-SP Course Grade,418,CLA INT 201.,P
2023-SP Course Grade,421,CLA INT 201.,P
2023-SP Course Grade,24,CLA INT 301.,P
2023-SP Course Grade,1177,CLA INT 201.,P
2023-SP Course Grade,681,CLA INT 101.,P
2023-SP Course Grade,20,CLA INT 201.,P
2023-SP Course Grade,19,CLA INT 301.,P
2023-SP Course Grade,18,CLA INT 201.,P
2023-SP Course Grade,422,CLA INT 201.,P
2023-SP Course Grade,16,CLA INT 301.,P
2023-SP Course Grade,7,CLA INT 301.,P
2023-SP Course Grade,86,CLA INT 201.,P
2023-SP Course Grade,132,CLA GBK 202.,P
2024-SP Course Grade,1178,CLA INT 101.,P
2024-SP Course Grade,1179,CLA INT 101.,P
2024-SP Course Grade,1180,CLA INT 101.,P
2024-SP Course Grade,1021,CLA INT 201.,P
2024-SP Course Grade,1181,CLA INT 101.,P
2024-SP Course Grade,1182,CLA INT 301.,P
2024-SP Course Grade,1183,CLA INT 101.,P
2024-SP Course Grade,1020,CLA INT 201.,P
2024-SP Course Grade,1184,CLA INT 101.,P
2024-SP Course Grade,1185,CLA INT 101.,P
2024-SP Course Grade,1186,CLA INT 101.,P
2024-SP Course Grade,1187,CLA INT 101.,P
2024-SP Course Grade,1188,CLA INT 101.,P
2024-SP Course Grade,1025,CLA INT 301.,P
2024-SP Course Grade,380,CLA GBK 306.,P
2024-SP Course Grade,930,CLA INT 201.,P
2024-SP Course Grade,1189,CLA INT 201.,P
2024-SP Course Grade,1190,CLA INT 101.,P
2024-SP Course Grade,1191,CLA INT 301.,P
2024-SP Course Grade,905,CLA GBK 202.,P
2024-SP Course Grade,1192,CLA INT 101.,P
2024-SP Course Grade,1193,CLA INT 101.,P
2024-SP Course Grade,373,CLA INT 201.,P
2024-SP Course Grade,844,CLA INT 301.,P
2024-SP Course Grade,1027,CLA INT 301.,P
2024-SP Course Grade,1024,CLA INT 201.,P
2024-SP Course Grade,841,CLA INT 201.,P
2024-SP Course Grade,840,CLA INT 301.,P
2024-SP Course Grade,1194,CLA INT 101.,P
2024-SP Course Grade,1195,CLA INT 101.,P
2024-SP Course Grade,1196,CLA INT 201.,P
2024-SP Course Grade,1197,CLA INT 101.,P
2024-SP Course Grade,876,CLA INT 201.,P
2024-SP Course Grade,1198,CLA INT 101.,P
2024-SP Course Grade,1199,CLA INT 201.,P
2024-SP Course Grade,1200,CLA INT 101.,P
2024-SP Course Grade,909,CLA INT 201.,P
2024-SP Course Grade,839,CLA INT 301.,P
2024-SP Course Grade,371,CLA INT 201.,P
2024-SP Course Grade,381,CLA INT 201.,P
2024-SP Course Grade,383,CLA GBK 304.,P
2024-SP Course Grade,1201,CLA INT 101.,P
2024-SP Course Grade,1202,CLA INT 101.,P
2024-SP Course Grade,887,CLA GBK 202.,P
2024-SP Course Grade,1030,CLA INT 301.,P
2024-SP Course Grade,1203,CLA INT 301.,P
2024-SP Course Grade,1204,CLA INT 201.,P
2024-SP Course Grade,1205,CLA INT 301.,P
2024-SP Course Grade,1206,CLA INT 301.,P
2024-SP Course Grade,1207,CLA INT 101.,P
2024-SP Course Grade,891,CLA INT 201.,P
2024-SP Course Grade,1208,CLA INT 101.,P
2024-SP Course Grade,242,CLA INT 301.,P
2024-SP Course Grade,1209,CLA INT 101.,P
2024-SP Course Grade,248,CLA INT 301.,P
2024-SP Course Grade,1210,CLA INT 301.,P
2024-SP Course Grade,251,CLA GBK 304.,P
2024-SP Course Grade,889,CLA INT 301.,P
2024-SP Course Grade,382,CLA INT 201.,P
2024-SP Course Grade,1211,CLA INT 201.,P
2024-SP Course Grade,239,CLA INT 201.,P
2024-SP Course Grade,384,CLA INT 301.,P
2024-SP Course Grade,1212,CLA INT 301.,P
2024-SP Course Grade,1213,CLA INT 201.,P
2024-SP Course Grade,386,CLA GBK 306.,P
2024-SP Course Grade,387,CLA GBK 306.,P
2024-SP Course Grade,1214,CLA INT 201.,P
2024-SP Course Grade,388,CLA INT 201.,P
2024-SP Course Grade,882,CLA INT 201.,P
2024-SP Course Grade,389,CLA INT 301.,P
2024-SP Course Grade,501,CLA GBK 306.,P
2024-SP Course Grade,237,CLA GBK 304.,P
2024-SP Course Grade,878,CLA GBK 202.,P
2024-SP Course Grade,1215,CLA INT 101.,P
2024-SP Course Grade,1026,CLA INT 201.,P
2024-SP Course Grade,1032,CLA INT 201.,P
2024-SP Course Grade,880,CLA GBK 202.,P
2024-SP Course Grade,1216,CLA INT 201.,P
2024-SP Course Grade,1217,CLA INT 101.,P
2024-SP Course Grade,1218,CLA INT 101.,P
2024-SP Course Grade,836,CLA INT 201.,P
2024-SP Course Grade,1042,CLA INT 201.,P
2024-SP Course Grade,712,CLA INT 201.,P
2024-SP Course Grade,920,CLA GBK 202.,P
2024-SP Course Grade,714,CLA GBK 202.,P
2024-SP Course Grade,852,CLA GBK 202.,P
2024-SP Course Grade,330,CLA GBK 304.,P
2024-SP Course Grade,334,CLA INT 201.,P
2024-SP Course Grade,710,CLA GBK 202.,P
2024-SP Course Grade,1037,CLA INT 201.,P
2024-SP Course Grade,1219,CLA INT 301.,P
2024-SP Course Grade,1220,CLA INT 101.,P
2024-SP Course Grade,365,CLA INT 301.,P
2024-SP Course Grade,366,CLA INT 201.,P
2024-SP Course Grade,1221,CLA INT 301.,P
2024-SP Course Grade,377,CLA INT 301.,P
2024-SP Course Grade,861,CLA INT 301.,P
2024-SP Course Grade,855,CLA GBK 202.,P
2024-SP Course Grade,397,CLA INT 201.,P
2024-SP Course Grade,583,CLA INT 101.,P
2024-SP Course Grade,1222,CLA INT 101.,P
2024-SP Course Grade,589,CLA GBK 202.,P
2024-SP Course Grade,1223,CLA INT 101.,P
2024-SP Course Grade,588,CLA GBK 202.,P
2024-SP Course Grade,594,CLA GBK 202.,P
2024-SP Course Grade,341,CLA INT 201.,P
2024-SP Course Grade,340,CLA INT 301.,P
2024-SP Course Grade,1224,CLA INT 101.,P
2024-SP Course Grade,327,CLA INT 201.,P
2024-SP Course Grade,1225,CLA INT 301.,P
2024-SP Course Grade,320,CLA INT 301.,P
2024-SP Course Grade,321,CLA INT 301.,P
2024-SP Course Grade,1226,CLA INT 101.,P
2024-SP Course Grade,1227,CLA INT 101.,P
2024-SP Course Grade,322,CLA INT 201.,P
2024-SP Course Grade,1044,CLA INT 301.,P
2024-SP Course Grade,584,CLA INT 201.,P
2024-SP Course Grade,318,CLA INT 301.,P
2024-SP Course Grade,862,CLA INT 301.,P
2024-SP Course Grade,874,CLA INT 201.,P
2024-SP Course Grade,1228,CLA INT 101.,P
2024-SP Course Grade,1229,CLA INT 101.,P
2024-SP Course Grade,1230,CLA INT 101.,P
2024-SP Course Grade,1231,CLA INT 101.,P
2024-SP Course Grade,1051,CLA INT 201.,P
2024-SP Course Grade,1232,CLA INT 101.,P
2024-SP Course Grade,827,CLA INT 201.,P
2024-SP Course Grade,1233,CLA INT 101.,P
2024-SP Course Grade,1234,CLA INT 101.,P
2024-SP Course Grade,828,CLA GBK 202.,P
2024-SP Course Grade,1050,CLA INT 201.,P
2024-SP Course Grade,504,CLA INT 301.,P
2024-SP Course Grade,1235,CLA INT 101.,P
2024-SP Course Grade,1236,CLA INT 101.,P
2024-SP Course Grade,1237,CLA INT 101.,P
2024-SP Course Grade,835,CLA INT 201.,P
2024-SP Course Grade,1238,CLA INT 101.,P
2024-SP Course Grade,829,CLA GBK 202.,P
2024-SP Course Grade,826,CLA INT 201.,P
2024-SP Course Grade,824,CLA GBK 202.,P
2024-SP Course Grade,1239,CLA INT 101.,P
2024-SP Course Grade,457,CLA INT 301.,P
2024-SP Course Grade,404,CLA INT 301.,P
2024-SP Course Grade,1056,CLA INT 201.,P
2024-SP Course Grade,1240,CLA INT 301.,P
2024-SP Course Grade,407,CLA INT 301.,P
2024-SP Course Grade,1241,CLA INT 101.,P
2024-SP Course Grade,1242,CLA INT 101.,P
2024-SP Course Grade,1243,CLA INT 101.,P
2024-SP Course Grade,1054,CLA INT 201.,P
2024-SP Course Grade,458,CLA INT 201.,P
2024-SP Course Grade,1244,CLA INT 201.,P
2024-SP Course Grade,414,CLA INT 201.,P
2024-SP Course Grade,1245,CLA INT 301.,P
2024-SP Course Grade,1246,CLA INT 301.,P
2024-SP Course Grade,1247,CLA INT 101.,P
2024-SP Course Grade,1248,CLA INT 201.,P
2024-SP Course Grade,1052,CLA INT 201.,P
2024-SP Course Grade,897,CLA GBK 202.,P
2024-SP Course Grade,590,CLA GBK 202.,P
2024-SP Course Grade,1249,CLA INT 101.,P
2024-SP Course Grade,895,CLA INT 201.,P
2024-SP Course Grade,814,CLA INT 301.,P
2024-SP Course Grade,1250,CLA INT 101.,P
2024-SP Course Grade,1251,CLA INT 101.,P
2024-SP Course Grade,1252,CLA INT 301.,P
2024-SP Course Grade,1253,CLA INT 101.,P
2024-SP Course Grade,265,CLA INT 201.,P
2024-SP Course Grade,1060,CLA INT 201.,P
2024-SP Course Grade,1254,CLA INT 301.,P
2024-SP Course Grade,1255,CLA INT 101.,P
2024-SP Course Grade,1059,CLA INT 201.,P
2024-SP Course Grade,1256,CLA INT 101.,P
2024-SP Course Grade,1058,CLA INT 301.,P
2024-SP Course Grade,798,CLA GBK 202.,P
2024-SP Course Grade,270,CLA INT 201.,P
2024-SP Course Grade,1063,CLA INT 201.,P
2024-SP Course Grade,789,CLA INT 201.,P
2024-SP Course Grade,268,CLA INT 201.,P
2024-SP Course Grade,777,CLA INT 201.,P
2024-SP Course Grade,286,CLA INT 301.,P
2024-SP Course Grade,1257,CLA INT 101.,P
2024-SP Course Grade,804,CLA INT 201.,P
2024-SP Course Grade,301,CLA GBK 306.,P
2024-SP Course Grade,1258,CLA INT 101.,P
2024-SP Course Grade,806,CLA GBK 304.,P
2024-SP Course Grade,1259,CLA INT 301.,P
2024-SP Course Grade,808,CLA INT 301.,P
2024-SP Course Grade,1260,CLA INT 101.,P
2024-SP Course Grade,1261,CLA INT 101.,P
2024-SP Course Grade,810,CLA INT 201.,P
2024-SP Course Grade,1262,CLA INT 101.,P
2024-SP Course Grade,308,CLA INT 301.,P
2024-SP Course Grade,817,CLA INT 201.,P
2024-SP Course Grade,1263,CLA INT 201.,P
2024-SP Course Grade,1061,CLA INT 301.,P
2024-SP Course Grade,311,CLA INT 301.,P
2024-SP Course Grade,1264,CLA INT 101.,P
2024-SP Course Grade,306,CLA INT 301.,P
2024-SP Course Grade,300,CLA GBK 304.,P
2024-SP Course Grade,1265,CLA INT 101.,P
2024-SP Course Grade,779,CLA INT 201.,P
2024-SP Course Grade,1266,CLA INT 301.,P
2024-SP Course Grade,1071,CLA INT 301.,P
2024-SP Course Grade,793,CLA INT 201.,P
2024-SP Course Grade,792,CLA INT 301.,P
2024-SP Course Grade,791,CLA INT 301.,P
2024-SP Course Grade,1267,CLA INT 201.,P
2024-SP Course Grade,1268,CLA INT 201.,P
2024-SP Course Grade,1072,CLA INT 201.,P
2024-SP Course Grade,1269,CLA INT 301.,P
2024-SP Course Grade,1067,CLA INT 201.,P
2024-SP Course Grade,1270,CLA INT 101.,P
2024-SP Course Grade,788,CLA GBK 202.,P
2024-SP Course Grade,1271,CLA INT 101.,P
2024-SP Course Grade,1272,CLA INT 201.,P
2024-SP Course Grade,1273,CLA INT 101.,P
2024-SP Course Grade,786,CLA INT 301.,P
2024-SP Course Grade,790,CLA GBK 202.,P
2024-SP Course Grade,1274,CLA INT 101.,P
2024-SP Course Grade,281,CLA INT 301.,P
2024-SP Course Grade,1073,CLA INT 201.,P
2024-SP Course Grade,271,CLA INT 201.,P
2024-SP Course Grade,1275,CLA INT 301.,P
2024-SP Course Grade,1276,CLA INT 101.,P
2024-SP Course Grade,1277,CLA INT 201.,P
2024-SP Course Grade,1066,CLA INT 201.,P
2024-SP Course Grade,1278,CLA INT 101.,P
2024-SP Course Grade,272,CLA GBK 306.,P
2024-SP Course Grade,1279,CLA INT 101.,P
2024-SP Course Grade,781,CLA INT 301.,P
2024-SP Course Grade,1280,CLA INT 201.,P
2024-SP Course Grade,280,CLA INT 301.,P
2024-SP Course Grade,783,CLA INT 201.,P
2024-SP Course Grade,1281,CLA INT 101.,P
2024-SP Course Grade,1282,CLA INT 101.,P
2024-SP Course Grade,1283,CLA INT 101.,P
2024-SP Course Grade,1074,CLA INT 301.,P
2024-SP Course Grade,277,CLA GBK 304.,P
2024-SP Course Grade,299,CLA GBK 306.,P
2024-SP Course Grade,800,CLA INT 301.,P
2024-SP Course Grade,1284,CLA INT 101.,P
2024-SP Course Grade,1285,CLA INT 101.,P
2024-SP Course Grade,1286,CLA INT 101.,P
2024-SP Course Grade,1287,CLA INT 101.,P
2024-SP Course Grade,1288,CLA INT 101.,P
2024-SP Course Grade,1289,CLA INT 101.,P
2024-SP Course Grade,1290,CLA INT 101.,P
2024-SP Course Grade,1291,CLA INT 101.,P
2024-SP Course Grade,1292,CLA INT 101.,P
2024-SP Course Grade,1293,CLA INT 101.,P
2024-SP Course Grade,1294,CLA INT 101.,P
2024-SP Course Grade,1295,CLA INT 101.,P
2024-SP Course Grade,1296,CLA INT 101.,P
2024-SP Course Grade,1297,CLA INT 101.,P
2024-SP Course Grade,1298,CLA INT 101.,P
2024-SP Course Grade,1299,CLA INT 101.,P
2024-SP Course Grade,1300,CLA INT 101.,P
2024-SP Course Grade,1301,CLA INT 101.,P
2024-SP Course Grade,1302,CLA INT 101.,P
2024-SP Course Grade,1303,CLA INT 101.,P
2024-SP Course Grade,753,CLA INT 101.,P
2024-SP Course Grade,255,CLA INT 301.,P
2024-SP Course Grade,522,CLA INT 301.,P
2024-SP Course Grade,1304,CLA INT 101.,P
2024-SP Course Grade,1028,CLA INT 201.,P
2024-SP Course Grade,1305,CLA INT 101.,P
2024-SP Course Grade,750,CLA INT 201.,P
2024-SP Course Grade,247,CLA GBK 306.,P
2024-SP Course Grade,1306,CLA INT 101.,P
2024-SP Course Grade,235,CLA GBK 306.,P
2024-SP Course Grade,751,CLA INT 301.,P
2024-SP Course Grade,1307,CLA INT 101.,P
2024-SP Course Grade,211,CLA GBK 407.,P
2024-SP Course Grade,213,CLA GBK 304.,P
2024-SP Course Grade,1308,CLA INT 101.,P
2024-SP Course Grade,1309,CLA INT 101.,P
2024-SP Course Grade,1310,CLA INT 101.,P
2024-SP Course Grade,1311,CLA INT 101.,P
2024-SP Course Grade,773,CLA INT 101.,P
2024-SP Course Grade,766,CLA INT 201.,P
2024-SP Course Grade,1312,CLA INT 101.,P
2024-SP Course Grade,1313,CLA INT 101.,P
2024-SP Course Grade,1314,CLA INT 101.,P
2024-SP Course Grade,1315,CLA INT 101.,P
2024-SP Course Grade,1316,CLA INT 101.,P
2024-SP Course Grade,1317,CLA INT 101.,P
2024-SP Course Grade,1318,CLA INT 101.,P
2024-SP Course Grade,1319,CLA INT 101.,P
2024-SP Course Grade,1320,CLA INT 101.,P
2024-SP Course Grade,1321,CLA INT 101.,P
2024-SP Course Grade,1322,CLA INT 101.,P
2024-SP Course Grade,1323,CLA INT 101.,P
2024-SP Course Grade,1324,CLA INT 101.,P
2024-SP Course Grade,1325,CLA INT 101.,P
2024-SP Course Grade,735,CLA INT 201.,P
2024-SP Course Grade,1326,CLA INT 101.,P
2024-SP Course Grade,1327,CLA INT 101.,P
2024-SP Course Grade,1328,CLA INT 101.,P
2024-SP Course Grade,1329,CLA INT 101.,P
2024-SP Course Grade,1330,CLA INT 101.,P
2024-SP Course Grade,1331,CLA INT 101.,P
2024-SP Course Grade,1332,CLA INT 101.,P
2024-SP Course Grade,1333,CLA INT 101.,P
2024-SP Course Grade,1334,CLA INT 101.,P
2024-SP Course Grade,1335,CLA INT 101.,P
2024-SP Course Grade,1336,CLA INT 101.,P
2024-SP Course Grade,1337,CLA INT 101.,P
2024-SP Course Grade,1338,CLA INT 101.,P
2024-SP Course Grade,1339,CLA INT 101.,P
2024-SP Course Grade,1340,CLA INT 101.,P
2024-SP Course Grade,1341,CLA INT 101.,P
2024-SP Course Grade,226,CLA GBK 304.,P
2024-SP Course Grade,1342,CLA INT 101.,P
2024-SP Course Grade,1343,CLA INT 101.,P
2024-SP Course Grade,1344,CLA INT 101.,P
2024-SP Course Grade,1345,CLA INT 101.,P
2024-SP Course Grade,1346,CLA INT 101.,P
2024-SP Course Grade,1347,CLA INT 101.,P
2024-SP Course Grade,1029,CLA INT 201.,P
2024-SP Course Grade,23,CLA INT 301.,P
2024-SP Course Grade,592,CLA INT 201.,P
2024-SP Course Grade,1348,CLA INT 101.,P
2024-SP Course Grade,161,CLA INT 201.,P
2024-SP Course Grade,650,CLA INT 201.,P
2024-SP Course Grade,1349,CLA INT 101.,P
2024-SP Course Grade,648,CLA GBK 202.,P
2024-SP Course Grade,647,CLA INT 201.,P
2024-SP Course Grade,1350,CLA INT 101.,P
2024-SP Course Grade,1351,CLA INT 101.,P
2024-SP Course Grade,1352,CLA INT 201.,P
2024-SP Course Grade,181,CLA INT 301.,P
2024-SP Course Grade,1353,CLA INT 201.,P
2024-SP Course Grade,785,CLA INT 301.,P
2024-SP Course Grade,1354,CLA INT 101.,P
2024-SP Course Grade,1355,CLA INT 101.,P
2024-SP Course Grade,1356,CLA INT 301.,P
2024-SP Course Grade,183,CLA INT 301.,P
2024-SP Course Grade,206,CLA GBK 495.,P
2024-SP Course Grade,644,CLA INT 201.,P
2024-SP Course Grade,206,CLA GBK 306.,P
2024-SP Course Grade,651,CLA GBK 202.,P
2024-SP Course Grade,1357,CLA INT 101.,P
2024-SP Course Grade,661,CLA GBK 202.,P
2024-SP Course Grade,642,CLA GBK 202.,P
2024-SP Course Grade,1358,CLA INT 101.,P
2024-SP Course Grade,1359,CLA INT 101.,P
2024-SP Course Grade,1360,CLA INT 101.,P
2024-SP Course Grade,658,CLA INT 201.,P
2024-SP Course Grade,1361,CLA INT 201.,P
2024-SP Course Grade,653,CLA GBK 202.,P
2024-SP Course Grade,659,CLA INT 201.,P
2024-SP Course Grade,1362,CLA INT 101.,P
2024-SP Course Grade,1363,CLA INT 101.,P
2024-SP Course Grade,452,CLA INT 301.,P
2024-SP Course Grade,1364,CLA INT 101.,P
2024-SP Course Grade,1365,CLA INT 101.,P
2024-SP Course Grade,1366,CLA INT 101.,P
2024-SP Course Grade,162,CLA GBK 306.,P
2024-SP Course Grade,662,CLA INT 201.,P
2024-SP Course Grade,1367,CLA INT 101.,P
2024-SP Course Grade,1368,CLA INT 101.,P
2024-SP Course Grade,990,CLA INT 201.,P
2024-SP Course Grade,197,CLA GBK 306.,P
2024-SP Course Grade,1369,CLA INT 101.,P
2024-SP Course Grade,196,CLA INT 201.,P
2024-SP Course Grade,195,CLA INT 201.,P
2024-SP Course Grade,1370,CLA INT 201.,P
2024-SP Course Grade,1131,CLA INT 201.,P
2024-SP Course Grade,996,CLA INT 201.,P
2024-SP Course Grade,1371,CLA INT 201.,P
2024-SP Course Grade,1372,CLA INT 201.,P
2024-SP Course Grade,1373,CLA INT 201.,P
2024-SP Course Grade,1008,CLA INT 201.,P
2024-SP Course Grade,1374,CLA INT 101.,P
2024-SP Course Grade,1375,CLA INT 301.,P
2024-SP Course Grade,1152,CLA INT 101.,P
2024-SP Course Grade,1376,CLA INT 101.,P
2024-SP Course Grade,1143,CLA INT 101.,P
2024-SP Course Grade,1011,CLA INT 201.,P
2024-SP Course Grade,1377,CLA INT 101.,P
2024-SP Course Grade,1378,CLA INT 301.,P
2024-SP Course Grade,1379,CLA INT 101.,P
2024-SP Course Grade,1380,CLA INT 101.,P
2024-SP Course Grade,1381,CLA INT 101.,P
2024-SP Course Grade,1382,CLA INT 201.,P
2024-SP Course Grade,205,CLA GBK 304.,P
2024-SP Course Grade,985,CLA INT 301.,P
2024-SP Course Grade,1383,CLA INT 201.,P
2024-SP Course Grade,1384,CLA INT 101.,P
2024-SP Course Grade,1385,CLA INT 101.,P
2024-SP Course Grade,993,CLA GBK 202.,P
2024-SP Course Grade,982,CLA GBK 202.,P
2024-SP Course Grade,980,CLA GBK 202.,P
2024-SP Course Grade,1386,CLA INT 101.,P
2024-SP Course Grade,1387,CLA INT 101.,P
2024-SP Course Grade,200,CLA GBK 304.,P
2024-SP Course Grade,199,CLA INT 301.,P
2024-SP Course Grade,1388,CLA INT 101.,P
2024-SP Course Grade,1389,CLA INT 101.,P
2024-SP Course Grade,641,CLA GBK 202.,P
2024-SP Course Grade,1390,CLA INT 101.,P
2024-SP Course Grade,1391,CLA INT 101.,P
2024-SP Course Grade,26,CLA INT 301.,P
2024-SP Course Grade,1392,CLA INT 101.,P
2024-SP Course Grade,1171,CLA INT 201.,P
2024-SP Course Grade,1393,CLA INT 101.,P
2024-SP Course Grade,700,CLA GBK 202.,P
2024-SP Course Grade,701,CLA INT 301.,P
2024-SP Course Grade,1394,CLA INT 101.,P
2024-SP Course Grade,1395,CLA INT 301.,P
2024-SP Course Grade,1396,CLA INT 101.,P
2024-SP Course Grade,1172,CLA INT 201.,P
2024-SP Course Grade,1397,CLA INT 101.,P
2024-SP Course Grade,1398,CLA INT 101.,P
2024-SP Course Grade,686,CLA GBK 202.,P
2024-SP Course Grade,1399,CLA INT 101.,P
2024-SP Course Grade,1400,CLA INT 101.,P
2024-SP Course Grade,1401,CLA INT 101.,P
2024-SP Course Grade,1402,CLA INT 101.,P
2024-SP Course Grade,436,CLA INT 301.,P
2024-SP Course Grade,1403,CLA INT 301.,P
2024-SP Course Grade,2,CLA INT 301.,P
2024-SP Course Grade,10,CLA INT 301.,P
2024-SP Course Grade,1404,CLA INT 301.,P
2024-SP Course Grade,5,CLA INT 301.,P
2024-SP Course Grade,424,CLA INT 301.,P
2024-SP Course Grade,4,CLA GBK 306.,P
2024-SP Course Grade,3,CLA GBK 304.,P
2024-SP Course Grade,1405,CLA INT 201.,P
2024-SP Course Grade,1406,CLA INT 101.,P
2024-SP Course Grade,1407,CLA INT 101.,P
2024-SP Course Grade,1408,CLA INT 101.,P
2024-SP Course Grade,1409,CLA INT 101.,P
2024-SP Course Grade,673,CLA INT 201.,P
2024-SP Course Grade,672,CLA GBK 202.,P
2024-SP Course Grade,669,CLA INT 201.,P
2024-SP Course Grade,1410,CLA INT 101.,P
2024-SP Course Grade,1411,CLA INT 101.,P
2024-SP Course Grade,1170,CLA INT 101.,P
2024-SP Course Grade,41,CLA GBK 304.,P
2024-SP Course Grade,49,CLA GBK 306.,P
2024-SP Course Grade,38,CLA GBK 306.,P
2024-SP Course Grade,1137,CLA INT 201.,P
2024-SP Course Grade,636,CLA INT 301.,P
2024-SP Course Grade,638,CLA GBK 202.,P
2024-SP Course Grade,627,CLA GBK 202.,P
2024-SP Course Grade,102,CLA GBK 304.,P
2024-SP Course Grade,448,CLA INT 301.,P
2024-SP Course Grade,1412,CLA INT 101.,P
2024-SP Course Grade,1136,CLA INT 301.,P
2024-SP Course Grade,625,CLA INT 301.,P
2024-SP Course Grade,1138,CLA INT 201.,P
2024-SP Course Grade,175,CLA INT 301.,P
2024-SP Course Grade,622,CLA GBK 202.,P
2024-SP Course Grade,1413,CLA INT 101.,P
2024-SP Course Grade,618,CLA GBK 202.,P
2024-SP Course Grade,632,CLA GBK 202.,P
2024-SP Course Grade,1414,CLA INT 101.,P
2024-SP Course Grade,105,CLA GBK 306.,P
2024-SP Course Grade,635,CLA INT 201.,P
2024-SP Course Grade,634,CLA INT 301.,P
2024-SP Course Grade,1415,CLA INT 301.,P
2024-SP Course Grade,690,CLA INT 201.,P
2024-SP Course Grade,36,CLA INT 201.,P
2024-SP Course Grade,1416,CLA INT 101.,P
2024-SP Course Grade,691,CLA INT 201.,P
2024-SP Course Grade,693,CLA GBK 304.,P
2024-SP Course Grade,694,CLA GBK 306.,P
2024-SP Course Grade,1417,CLA INT 101.,P
2024-SP Course Grade,1418,CLA INT 101.,P
2024-SP Course Grade,14,CLA INT 301.,P
2024-SP Course Grade,1419,CLA INT 101.,P
2024-SP Course Grade,640,CLA INT 201.,P
2024-SP Course Grade,628,CLA INT 201.,P
2024-SP Course Grade,629,CLA INT 201.,P
2024-SP Course Grade,631,CLA INT 201.,P
2024-SP Course Grade,29,CLA INT 201.,P
2024-SP Course Grade,1420,CLA INT 101.,P
2024-SP Course Grade,639,CLA INT 201.,P
2024-SP Course Grade,1421,CLA INT 201.,P
2024-SP Course Grade,593,CLA GBK 202.,P
2024-SP Course Grade,1147,CLA INT 201.,P
2024-SP Course Grade,1013,CLA INT 201.,P
2024-SP Course Grade,1422,CLA INT 101.,P
2024-SP Course Grade,1423,CLA INT 101.,P
2024-SP Course Grade,101,CLA GBK 304.,P
2024-SP Course Grade,1424,CLA INT 101.,P
2024-SP Course Grade,538,CLA GBK 304.,P
2024-SP Course Grade,76,CLA GBK 306.,P
2024-SP Course Grade,539,CLA INT 301.,P
2024-SP Course Grade,528,CLA GBK 202.,P
2024-SP Course Grade,55,CLA GBK 306.,P
2024-SP Course Grade,1425,CLA INT 101.,P
2024-SP Course Grade,541,CLA INT 301.,P
2024-SP Course Grade,542,CLA INT 201.,P
2024-SP Course Grade,1155,CLA INT 301.,P
2024-SP Course Grade,1426,CLA INT 301.,P
2024-SP Course Grade,1154,CLA INT 201.,P
2024-SP Course Grade,570,CLA INT 201.,P
2024-SP Course Grade,1427,CLA INT 101.,P
2024-SP Course Grade,601,CLA INT 201.,P
2024-SP Course Grade,1428,CLA INT 101.,P
2024-SP Course Grade,1429,CLA INT 101.,P
2024-SP Course Grade,93,CLA GBK 304.,P
2024-SP Course Grade,1430,CLA INT 201.,P
2024-SP Course Grade,95,CLA GBK 304.,P
2024-SP Course Grade,1431,CLA INT 101.,P
2024-SP Course Grade,1432,CLA INT 101.,P
2024-SP Course Grade,1433,CLA INT 101.,P
2024-SP Course Grade,1434,CLA INT 101.,P
2024-SP Course Grade,527,CLA GBK 202.,P
2024-SP Course Grade,531,CLA GBK 202.,P
2024-SP Course Grade,1435,CLA INT 101.,P
2024-SP Course Grade,1436,CLA INT 101.,P
2024-SP Course Grade,532,CLA INT 301.,P
2024-SP Course Grade,537,CLA INT 201.,P
2024-SP Course Grade,525,CLA INT 201.,P
2024-SP Course Grade,1437,CLA INT 101.,P
2024-SP Course Grade,529,CLA GBK 202.,P
2024-SP Course Grade,1438,CLA INT 101.,P
2024-SP Course Grade,1439,CLA INT 101.,P
2024-SP Course Grade,1440,CLA INT 101.,P
2024-SP Course Grade,598,CLA INT 201.,P
2024-SP Course Grade,1441,CLA INT 301.,P
2024-SP Course Grade,1442,CLA INT 101.,P
2024-SP Course Grade,1443,CLA INT 101.,P
2024-SP Course Grade,578,CLA INT 201.,P
2024-SP Course Grade,358,CLA GBK 304.,P
2024-SP Course Grade,579,CLA GBK 202.,P
2024-SP Course Grade,1444,CLA INT 101.,P
2024-SP Course Grade,1162,CLA INT 201.,P
2024-SP Course Grade,1445,CLA INT 101.,P
2024-SP Course Grade,1048,CLA INT 201.,P
2024-SP Course Grade,1446,CLA INT 101.,P
2024-SP Course Grade,1447,CLA INT 301.,P
2024-SP Course Grade,362,CLA GBK 306.,P
2024-SP Course Grade,1448,CLA INT 101.,P
2024-SP Course Grade,1449,CLA INT 101.,P
2024-SP Course Grade,1450,CLA INT 201.,P
2024-SP Course Grade,581,CLA GBK 202.,P
2024-SP Course Grade,599,CLA INT 201.,P
2024-SP Course Grade,586,CLA INT 201.,P
2024-SP Course Grade,1451,CLA INT 101.,P
2024-SP Course Grade,69,CLA INT 201.,P
2024-SP Course Grade,1169,CLA INT 301.,P
2024-SP Course Grade,73,CLA INT 201.,P
2024-SP Course Grade,1452,CLA INT 201.,P
2024-SP Course Grade,367,CLA INT 301.,P
2024-SP Course Grade,1453,CLA INT 301.,P
2024-SP Course Grade,1454,CLA INT 301.,P
2024-SP Course Grade,1455,CLA INT 101.,P
2024-SP Course Grade,1456,CLA INT 101.,P
2024-SP Course Grade,345,CLA INT 201.,P
2024-SP Course Grade,1457,CLA INT 201.,P
2024-SP Course Grade,614,CLA INT 201.,P
2024-SP Course Grade,1458,CLA INT 101.,P
2024-SP Course Grade,353,CLA INT 201.,P
2024-SP Course Grade,1165,CLA INT 201.,P
2024-SP Course Grade,607,CLA INT 201.,P
2024-SP Course Grade,1459,CLA INT 101.,P
2024-SP Course Grade,557,CLA INT 301.,P
2024-SP Course Grade,90,CLA INT 201.,P
2024-SP Course Grade,559,CLA GBK 202.,P
2024-SP Course Grade,1460,CLA INT 101.,P
2024-SP Course Grade,943,CLA INT 201.,P
2024-SP Course Grade,941,CLA INT 301.,P
2024-SP Course Grade,1461,CLA INT 101.,P
2024-SP Course Grade,111,CLA INT 301.,P
2024-SP Course Grade,1462,CLA INT 201.,P
2024-SP Course Grade,109,CLA GBK 304.,P
2024-SP Course Grade,442,CLA INT 301.,P
2024-SP Course Grade,108,CLA GBK 306.,P
2024-SP Course Grade,152,CLA GBK 306.,P
2024-SP Course Grade,1463,CLA INT 201.,P
2024-SP Course Grade,1464,CLA INT 201.,P
2024-SP Course Grade,1465,CLA INT 101.,P
2024-SP Course Grade,940,CLA GBK 304.,P
2024-SP Course Grade,148,CLA INT 301.,P
2024-SP Course Grade,147,CLA GBK 306.,P
2024-SP Course Grade,130,CLA INT 201.,P
2024-SP Course Grade,1466,CLA INT 101.,P
2024-SP Course Grade,1467,CLA INT 101.,P
2024-SP Course Grade,1468,CLA INT 201.,P
2024-SP Course Grade,1148,CLA INT 201.,P
2024-SP Course Grade,1469,CLA INT 101.,P
2024-SP Course Grade,1149,CLA INT 201.,P
2024-SP Course Grade,1150,CLA INT 301.,P
2024-SP Course Grade,157,CLA INT 301.,P
2024-SP Course Grade,156,CLA INT 301.,P
2024-SP Course Grade,1470,CLA INT 101.,P
2024-SP Course Grade,1471,CLA INT 101.,P
2024-SP Course Grade,999,CLA GBK 202.,P
2024-SP Course Grade,124,CLA INT 201.,P
2024-SP Course Grade,970,CLA INT 301.,P
2024-SP Course Grade,1151,CLA INT 201.,P
2024-SP Course Grade,121,CLA GBK 304.,P
2024-SP Course Grade,969,CLA INT 301.,P
2024-SP Course Grade,1472,CLA INT 101.,P
2024-SP Course Grade,117,CLA INT 301.,P
2024-SP Course Grade,998,CLA INT 301.,P
2024-SP Course Grade,1473,CLA INT 101.,P
2024-SP Course Grade,967,CLA INT 201.,P
2024-SP Course Grade,1474,CLA INT 301.,P
2024-SP Course Grade,679,CLA GBK 202.,P
2024-SP Course Grade,1475,CLA INT 101.,P
2024-SP Course Grade,50,CLA GBK 306.,P
2024-SP Course Grade,52,CLA GBK 304.,P
2024-SP Course Grade,79,CLA GBK 304.,P
2024-SP Course Grade,81,CLA GBK 304.,P
2024-SP Course Grade,551,CLA INT 201.,P
2024-SP Course Grade,1476,CLA INT 101.,P
2024-SP Course Grade,550,CLA GBK 202.,P
2024-SP Course Grade,567,CLA INT 301.,P
2024-SP Course Grade,565,CLA INT 201.,P
2024-SP Course Grade,1477,CLA INT 101.,P
2024-SP Course Grade,563,CLA INT 201.,P
2024-SP Course Grade,1478,CLA INT 101.,P
2024-SP Course Grade,562,CLA GBK 202.,P
2024-SP Course Grade,89,CLA GBK 304.,P
2024-SP Course Grade,85,CLA GBK 306.,P
2024-SP Course Grade,425,CLA INT 301.,P
2024-SP Course Grade,681,CLA INT 301.,P
2024-SP Course Grade,1479,CLA INT 101.,P
2024-SP Course Grade,966,CLA INT 201.,P
2024-SP Course Grade,1480,CLA INT 101.,P
2024-SP Course Grade,145,CLA INT 301.,P
2024-SP Course Grade,956,CLA INT 201.,P
2024-SP Course Grade,1481,CLA INT 101.,P
2024-SP Course Grade,1482,CLA INT 101.,P
2024-SP Course Grade,141,CLA INT 301.,P
2024-SP Course Grade,1483,CLA INT 201.,P
2024-SP Course Grade,1484,CLA INT 101.,P
2024-SP Course Grade,954,CLA INT 301.,P
2024-SP Course Grade,1485,CLA INT 301.,P
2024-SP Course Grade,1486,CLA INT 101.,P
2024-SP Course Grade,951,CLA INT 201.,P
2024-SP Course Grade,1144,CLA INT 201.,P
2024-SP Course Grade,1145,CLA INT 201.,P
2024-SP Course Grade,132,CLA GBK 304.,P
2024-SP Course Grade,1487,CLA INT 101.,P
2024-SP Course Grade,1016,CLA GBK 202.,P
2024-SP Course Grade,1488,CLA INT 101.,P
